Country,Date,"Cumulative no. of confirmed, probable and suspected cases","Cumulative no. of confirmed, probable and suspected deaths",days_dif,start date 
Guinea,8/29/2014,648,430,0,8/29/2014
Nigeria,8/29/2014,19,7,0,8/29/2014
Sierra Leone,8/29/2014,1026,422,0,8/29/2014
Liberia,8/29/2014,1378,694,0,8/29/2014
Sierra Leone,9/5/2014,1261,491,7,8/29/2014
Nigeria,9/5/2014,22,8,7,8/29/2014
Liberia,9/5/2014,1871,1089,7,8/29/2014
Guinea,9/5/2014,812,517,7,8/29/2014
Senegal,9/5/2014,1,0,7,8/29/2014
Senegal,9/8/2014,3,0,10,8/29/2014
Guinea,9/8/2014,862,555,10,8/29/2014
Sierra Leone,9/8/2014,1361,509,10,8/29/2014
Liberia,9/8/2014,2046,1224,10,8/29/2014
Nigeria,9/8/2014,21,8,10,8/29/2014
Guinea,9/12/2014,861,557,14,8/29/2014
Sierra Leone,9/12/2014,1424,524,14,8/29/2014
Nigeria,9/12/2014,21,8,14,8/29/2014
Liberia,9/12/2014,2081,1137,14,8/29/2014
Senegal,9/12/2014,3,0,14,8/29/2014
Senegal,9/16/2014,1,0,18,8/29/2014
Sierra Leone,9/16/2014,1620,562,18,8/29/2014
Guinea,9/16/2014,936,595,18,8/29/2014
Nigeria,9/16/2014,21,8,18,8/29/2014
Liberia,9/16/2014,2407,1296,18,8/29/2014
Nigeria,9/18/2014,21,8,20,8/29/2014
Guinea,9/18/2014,942,601,20,8/29/2014
Sierra Leone,9/18/2014,1673,562,20,8/29/2014
Liberia,9/18/2014,2710,1459,20,8/29/2014
Senegal,9/18/2014,1,0,20,8/29/2014
Nigeria,9/22/2014,20,8,24,8/29/2014
Sierra Leone,9/22/2014,1813,593,24,8/29/2014
Liberia,9/22/2014,3022,1578,24,8/29/2014
Senegal,9/22/2014,1,0,24,8/29/2014
Guinea,9/22/2014,1008,632,24,8/29/2014
Liberia,9/24/2014,3280,1677,26,8/29/2014
Guinea,9/24/2014,1022,635,26,8/29/2014
Nigeria,9/24/2014,20,8,26,8/29/2014
Senegal,9/24/2014,1,0,26,8/29/2014
Sierra Leone,9/24/2014,1940,597,26,8/29/2014
Sierra Leone,9/26/2014,2021,605,28,8/29/2014
Liberia,9/26/2014,3458,1830,28,8/29/2014
Senegal,9/26/2014,1,0,28,8/29/2014
Guinea,9/26/2014,1074,648,28,8/29/2014
Nigeria,9/26/2014,20,8,28,8/29/2014
Guinea,10/1/2014,1157,710,33,8/29/2014
Senegal,10/1/2014,1,0,33,8/29/2014
Nigeria,10/1/2014,20,8,33,8/29/2014
Sierra Leone,10/1/2014,2304,622,33,8/29/2014
Liberia,10/1/2014,3696,1998,33,8/29/2014
United States of America,10/3/2014,1,0,35,8/29/2014
Nigeria,10/3/2014,20,8,35,8/29/2014
Guinea,10/3/2014,1199,739,35,8/29/2014
Liberia,10/3/2014,3834,2069,35,8/29/2014
Sierra Leone,10/3/2014,2437,623,35,8/29/2014
Senegal,10/3/2014,1,0,35,8/29/2014
Nigeria,10/8/2014,20,8,40,8/29/2014
United States of America,10/8/2014,1,0,40,8/29/2014
Senegal,10/8/2014,1,0,40,8/29/2014
Guinea,10/8/2014,1298,768,40,8/29/2014
Sierra Leone,10/8/2014,2789,879,40,8/29/2014
Liberia,10/8/2014,3924,2210,40,8/29/2014
United States of America,10/10/2014,1,0,42,8/29/2014
Senegal,10/10/2014,1,0,42,8/29/2014
Liberia,10/10/2014,4076,2316,42,8/29/2014
Nigeria,10/10/2014,20,8,42,8/29/2014
Spain,10/10/2014,1,0,42,8/29/2014
Guinea,10/10/2014,1350,778,42,8/29/2014
Sierra Leone,10/10/2014,2950,930,42,8/29/2014
United States of America,10/15/2014,2,1,47,8/29/2014
Senegal,10/15/2014,1,0,47,8/29/2014
Nigeria,10/15/2014,20,8,47,8/29/2014
Liberia,10/15/2014,4249,2458,47,8/29/2014
Spain,10/15/2014,1,0,47,8/29/2014
Guinea,10/15/2014,1472,843,47,8/29/2014
Sierra Leone,10/15/2014,3252,1183,47,8/29/2014
Guinea,10/17/2014,1519,862,49,8/29/2014
Nigeria,10/17/2014,20,8,49,8/29/2014
Spain,10/17/2014,1,0,49,8/29/2014
Senegal,10/17/2014,1,0,49,8/29/2014
United States of America,10/17/2014,3,1,49,8/29/2014
Liberia,10/17/2014,4262,2484,49,8/29/2014
Sierra Leone,10/17/2014,3410,1200,49,8/29/2014
Nigeria,10/22/2014,20,8,54,8/29/2014
Spain,10/22/2014,1,0,54,8/29/2014
United States of America,10/22/2014,3,1,54,8/29/2014
Sierra Leone,10/22/2014,3706,1259,54,8/29/2014
Senegal,10/22/2014,1,0,54,8/29/2014
Liberia,10/22/2014,4665,2705,54,8/29/2014
Guinea,10/22/2014,1540,904,54,8/29/2014
Mali,10/25/2014,1,1,57,8/29/2014
United States of America,10/25/2014,4,1,57,8/29/2014
Sierra Leone,10/25/2014,3896,1281,57,8/29/2014
Spain,10/25/2014,1,0,57,8/29/2014
Senegal,10/25/2014,1,0,57,8/29/2014
Nigeria,10/25/2014,20,8,57,8/29/2014
Guinea,10/25/2014,1553,926,57,8/29/2014
Liberia,10/25/2014,4665,2705,57,8/29/2014
Liberia,10/29/2014,6535,2413,61,8/29/2014
Mali,10/29/2014,1,1,61,8/29/2014
Nigeria,10/29/2014,20,8,61,8/29/2014
Senegal,10/29/2014,1,0,61,8/29/2014
Spain,10/29/2014,1,0,61,8/29/2014
Guinea,10/29/2014,1906,997,61,8/29/2014
United States of America,10/29/2014,4,1,61,8/29/2014
Sierra Leone,10/29/2014,5235,1500,61,8/29/2014
Guinea,10/31/2014,1667,1018,63,8/29/2014
Nigeria,10/31/2014,20,8,63,8/29/2014
Spain,10/31/2014,1,0,63,8/29/2014
United States of America,10/31/2014,4,1,63,8/29/2014
Senegal,10/31/2014,1,0,63,8/29/2014
Mali,10/31/2014,1,1,63,8/29/2014
Liberia,10/31/2014,6535,2413,63,8/29/2014
Sierra Leone,10/31/2014,5338,1510,63,8/29/2014
Spain,11/5/2014,1,0,68,8/29/2014
United States of America,11/5/2014,4,1,68,8/29/2014
Guinea,11/5/2014,1731,1041,68,8/29/2014
Liberia,11/5/2014,6525,2697,68,8/29/2014
Mali,11/5/2014,1,1,68,8/29/2014
Nigeria,11/5/2014,20,8,68,8/29/2014
Senegal,11/5/2014,1,0,68,8/29/2014
Sierra Leone,11/5/2014,4759,1070,68,8/29/2014
Nigeria,11/7/2014,20,8,70,8/29/2014
Guinea,11/7/2014,1760,1054,70,8/29/2014
United States of America,11/7/2014,4,1,70,8/29/2014
Senegal,11/7/2014,1,0,70,8/29/2014
Liberia,11/7/2014,6619,2766,70,8/29/2014
Spain,11/7/2014,1,0,70,8/29/2014
Mali,11/7/2014,1,1,70,8/29/2014
Sierra Leone,11/7/2014,4862,1130,70,8/29/2014
Spain,11/12/2014,1,0,75,8/29/2014
United States of America,11/12/2014,4,1,75,8/29/2014
Mali,11/12/2014,4,4,75,8/29/2014
Nigeria,11/12/2014,20,8,75,8/29/2014
Guinea,11/12/2014,1878,1142,75,8/29/2014
Sierra Leone,11/12/2014,5368,1169,75,8/29/2014
Liberia,11/12/2014,6822,2836,75,8/29/2014
Senegal,11/12/2014,1,0,75,8/29/2014
Senegal,11/14/2014,1,0,77,8/29/2014
Guinea,11/14/2014,1919,1166,77,8/29/2014
Spain,11/14/2014,1,0,77,8/29/2014
Nigeria,11/14/2014,20,8,77,8/29/2014
Mali,11/14/2014,4,3,77,8/29/2014
United States of America,11/14/2014,4,1,77,8/29/2014
Liberia,11/14/2014,6878,2812,77,8/29/2014
Sierra Leone,11/14/2014,5586,1187,77,8/29/2014
Liberia,11/19/2014,7069,2964,82,8/29/2014
Spain,11/19/2014,1,0,82,8/29/2014
Sierra Leone,11/19/2014,6073,1250,82,8/29/2014
Senegal,11/19/2014,1,0,82,8/29/2014
Nigeria,11/19/2014,20,8,82,8/29/2014
Mali,11/19/2014,6,5,82,8/29/2014
United States of America,11/19/2014,4,1,82,8/29/2014
Guinea,11/19/2014,1971,1192,82,8/29/2014
Spain,11/21/2014,1,0,84,8/29/2014
Liberia,11/21/2014,7082,2963,84,8/29/2014
Nigeria,11/21/2014,20,8,84,8/29/2014
United States of America,11/21/2014,4,1,84,8/29/2014
Sierra Leone,11/21/2014,6190,1267,84,8/29/2014
Mali,11/21/2014,6,6,84,8/29/2014
Senegal,11/21/2014,1,0,84,8/29/2014
Guinea,11/21/2014,2047,1214,84,8/29/2014
Sierra Leone,11/26/2014,6599,1398,89,8/29/2014
Liberia,11/26/2014,7168,3016,89,8/29/2014
Mali,11/26/2014,8,6,89,8/29/2014
United States of America,11/26/2014,4,1,89,8/29/2014
Spain,11/26/2014,1,0,89,8/29/2014
Nigeria,11/26/2014,20,8,89,8/29/2014
Guinea,11/26/2014,2134,1260,89,8/29/2014
Senegal,11/26/2014,1,0,89,8/29/2014
Senegal,12/1/2014,1,0,94,8/29/2014
Mali,12/1/2014,8,6,94,8/29/2014
Spain,12/1/2014,1,0,94,8/29/2014
Sierra Leone,12/1/2014,7109,1530,94,8/29/2014
Liberia,12/1/2014,7635,3145,94,8/29/2014
Nigeria,12/1/2014,20,8,94,8/29/2014
Guinea,12/1/2014,2155,1312,94,8/29/2014
United States of America,12/1/2014,4,1,94,8/29/2014
Mali,12/3/2014,8,6,96,8/29/2014
Spain,12/3/2014,1,0,96,8/29/2014
Guinea,12/3/2014,2164,1327,96,8/29/2014
Senegal,12/3/2014,1,0,96,8/29/2014
Sierra Leone,12/3/2014,7312,1583,96,8/29/2014
Liberia,12/3/2014,7635,3145,96,8/29/2014
United States of America,12/3/2014,4,1,96,8/29/2014
Nigeria,12/3/2014,20,8,96,8/29/2014
Spain,12/10/2014,1,0,103,8/29/2014
Guinea,12/10/2014,2292,1428,103,8/29/2014
Senegal,12/10/2014,1,0,103,8/29/2014
Mali,12/10/2014,8,6,103,8/29/2014
Liberia,12/10/2014,7719,3177,103,8/29/2014
Sierra Leone,12/10/2014,7897,1768,103,8/29/2014
Nigeria,12/10/2014,20,8,103,8/29/2014
United States of America,12/10/2014,4,1,103,8/29/2014
Spain,12/15/2014,1,0,108,8/29/2014
Nigeria,12/15/2014,20,8,108,8/29/2014
Guinea,12/15/2014,2394,1518,108,8/29/2014
United States of America,12/15/2014,4,1,108,8/29/2014
Mali,12/15/2014,8,6,108,8/29/2014
Liberia,12/15/2014,7797,3290,108,8/29/2014
Senegal,12/15/2014,1,0,108,8/29/2014
Sierra Leone,12/15/2014,8273,2033,108,8/29/2014
Nigeria,12/17/2014,20,8,110,8/29/2014
Senegal,12/17/2014,1,0,110,8/29/2014
Spain,12/17/2014,1,0,110,8/29/2014
Liberia,12/17/2014,7797,3290,110,8/29/2014
Mali,12/17/2014,8,6,110,8/29/2014
United States of America,12/17/2014,4,1,110,8/29/2014
Guinea,12/17/2014,2416,1525,110,8/29/2014
Sierra Leone,12/17/2014,8356,2085,110,8/29/2014
Spain,12/22/2014,1,0,115,8/29/2014
United States of America,12/22/2014,4,1,115,8/29/2014
Nigeria,12/22/2014,20,8,115,8/29/2014
Senegal,12/22/2014,1,0,115,8/29/2014
Guinea,12/22/2014,2571,1586,115,8/29/2014
Liberia,12/22/2014,7830,3376,115,8/29/2014
Mali,12/22/2014,8,6,115,8/29/2014
Sierra Leone,12/22/2014,8939,2556,115,8/29/2014
Sierra Leone,12/23/2014,9004,2582,116,8/29/2014
Mali,12/23/2014,8,6,116,8/29/2014
Spain,12/23/2014,1,0,116,8/29/2014
Liberia,12/23/2014,7830,3376,116,8/29/2014
Senegal,12/23/2014,1,0,116,8/29/2014
Guinea,12/23/2014,2597,1607,116,8/29/2014
Nigeria,12/23/2014,20,8,116,8/29/2014
United States of America,12/23/2014,4,1,116,8/29/2014
Nigeria,12/24/2014,20,8,117,8/29/2014
Senegal,12/24/2014,1,0,117,8/29/2014
Guinea,12/24/2014,2597,1607,117,8/29/2014
Sierra Leone,12/24/2014,9004,2582,117,8/29/2014
Spain,12/24/2014,1,0,117,8/29/2014
Mali,12/24/2014,8,6,117,8/29/2014
Liberia,12/24/2014,7862,3384,117,8/29/2014
United States of America,12/24/2014,4,1,117,8/29/2014
Senegal,12/26/2014,1,0,119,8/29/2014
Mali,12/26/2014,8,6,119,8/29/2014
Sierra Leone,12/26/2014,9203,2655,119,8/29/2014
United States of America,12/26/2014,4,1,119,8/29/2014
Nigeria,12/26/2014,20,8,119,8/29/2014
Guinea,12/26/2014,2630,1654,119,8/29/2014
Liberia,12/26/2014,7862,3384,119,8/29/2014
Spain,12/26/2014,1,0,119,8/29/2014
United States of America,12/29/2014,4,1,122,8/29/2014
Sierra Leone,12/29/2014,9409,2732,122,8/29/2014
Nigeria,12/29/2014,20,8,122,8/29/2014
Mali,12/29/2014,8,6,122,8/29/2014
Liberia,12/29/2014,7977,3413,122,8/29/2014
Guinea,12/29/2014,2695,1697,122,8/29/2014
Senegal,12/29/2014,1,0,122,8/29/2014
Spain,12/29/2014,1,0,122,8/29/2014
United States of America,12/30/2014,4,1,123,8/29/2014
Sierra Leone,12/30/2014,9446,2758,123,8/29/2014
Mali,12/30/2014,8,6,123,8/29/2014
Liberia,12/30/2014,7977,3413,123,8/29/2014
Guinea,12/30/2014,2706,1708,123,8/29/2014
Spain,12/30/2014,1,0,123,8/29/2014
Senegal,12/30/2014,1,0,123,8/29/2014
Nigeria,12/30/2014,20,8,123,8/29/2014
Spain,12/31/2014,1,0,124,8/29/2014
Senegal,12/31/2014,1,0,124,8/29/2014
Liberia,12/31/2014,8018,3423,124,8/29/2014
Sierra Leone,12/31/2014,9446,2758,124,8/29/2014
Mali,12/31/2014,8,6,124,8/29/2014
Nigeria,12/31/2014,20,8,124,8/29/2014
United States of America,12/31/2014,4,1,124,8/29/2014
Guinea,12/31/2014,2707,1709,124,8/29/2014
Nigeria,1/2/2015,20,8,126,8/29/2014
Spain,1/2/2015,1,0,126,8/29/2014
United States of America,1/2/2015,4,1,126,8/29/2014
Senegal,1/2/2015,1,0,126,8/29/2014
United Kingdom,1/2/2015,0,0,126,8/29/2014
Liberia,1/2/2015,8018,3423,126,8/29/2014
Sierra Leone,1/2/2015,9633,2827,126,8/29/2014
Mali,1/2/2015,8,6,126,8/29/2014
Guinea,1/2/2015,2730,1739,126,8/29/2014
Sierra Leone,1/5/2015,9772,2915,129,8/29/2014
Liberia,1/5/2015,8115,3471,129,8/29/2014
Spain,1/5/2015,1,0,129,8/29/2014
Nigeria,1/5/2015,20,8,129,8/29/2014
United Kingdom,1/5/2015,0,0,129,8/29/2014
Guinea,1/5/2015,2769,1767,129,8/29/2014
United States of America,1/5/2015,4,1,129,8/29/2014
Mali,1/5/2015,8,6,129,8/29/2014
Senegal,1/5/2015,1,0,129,8/29/2014
United Kingdom,1/6/2015,1,0,130,8/29/2014
Guinea,1/6/2015,2775,1781,130,8/29/2014
Sierra Leone,1/6/2015,9780,2943,130,8/29/2014
Liberia,1/6/2015,8157,3496,130,8/29/2014
Spain,1/6/2015,1,0,130,8/29/2014
United States of America,1/6/2015,4,1,130,8/29/2014
Senegal,1/6/2015,1,0,130,8/29/2014
Nigeria,1/6/2015,20,8,130,8/29/2014
Mali,1/6/2015,8,6,130,8/29/2014
Spain,1/7/2015,1,0,131,8/29/2014
Guinea,1/7/2015,2775,1781,131,8/29/2014
Senegal,1/7/2015,1,0,131,8/29/2014
Nigeria,1/7/2015,20,8,131,8/29/2014
United Kingdom,1/7/2015,1,0,131,8/29/2014
Mali,1/7/2015,8,6,131,8/29/2014
United States of America,1/7/2015,4,1,131,8/29/2014
Sierra Leone,1/7/2015,9780,2943,131,8/29/2014
Liberia,1/7/2015,8157,3496,131,8/29/2014
United Kingdom,1/8/2015,,0,132,8/29/2014
Mali,1/8/2015,,6,132,8/29/2014
Guinea,1/8/2015,2776,1786,132,8/29/2014
Sierra Leone,1/8/2015,10030,2977,132,8/29/2014
Liberia,1/8/2015,8166,3496,132,8/29/2014
Mali,1/9/2015,,6,133,8/29/2014
Guinea,1/9/2015,2793,1797,133,8/29/2014
United Kingdom,1/9/2015,,0,133,8/29/2014
Sierra Leone,1/9/2015,10030,2977,133,8/29/2014
Liberia,1/9/2015,8263,3515,133,8/29/2014
Liberia,1/12/2015,8278,3515,136,8/29/2014
United Kingdom,1/12/2015,,0,136,8/29/2014
Sierra Leone,1/12/2015,10094,3049,136,8/29/2014
Mali,1/12/2015,,6,136,8/29/2014
Guinea,1/12/2015,2799,1807,136,8/29/2014
United Kingdom,1/13/2015,,0,137,8/29/2014
Mali,1/13/2015,,6,137,8/29/2014
Guinea,1/13/2015,2799,1807,137,8/29/2014
Liberia,1/13/2015,8278,3515,137,8/29/2014
Sierra Leone,1/13/2015,10094,3049,137,8/29/2014
Liberia,1/14/2015,8331,3538,138,8/29/2014
United States of America,1/14/2015,4,1,138,8/29/2014
Senegal,1/14/2015,1,0,138,8/29/2014
Guinea,1/14/2015,2806,1814,138,8/29/2014
Spain,1/14/2015,1,0,138,8/29/2014
Nigeria,1/14/2015,20,8,138,8/29/2014
Sierra Leone,1/14/2015,10124,3062,138,8/29/2014
Mali,1/14/2015,8,6,138,8/29/2014
United Kingdom,1/14/2015,1,0,138,8/29/2014
Sierra Leone,1/15/2015,10150,3067,139,8/29/2014
Liberia,1/15/2015,8362,3556,139,8/29/2014
United States of America,1/15/2015,4,1,139,8/29/2014
Mali,1/15/2015,8,6,139,8/29/2014
Spain,1/15/2015,1,0,139,8/29/2014
Guinea,1/15/2015,2817,1821,139,8/29/2014
United Kingdom,1/15/2015,1,0,139,8/29/2014
Nigeria,1/15/2015,20,8,139,8/29/2014
Senegal,1/15/2015,1,0,139,8/29/2014
Spain,1/16/2015,1,0,140,8/29/2014
Nigeria,1/16/2015,20,8,140,8/29/2014
Guinea,1/16/2015,2825,1829,140,8/29/2014
Mali,1/16/2015,8,6,140,8/29/2014
Senegal,1/16/2015,1,0,140,8/29/2014
Liberia,1/16/2015,8362,3556,140,8/29/2014
United States of America,1/16/2015,4,1,140,8/29/2014
Sierra Leone,1/16/2015,10186,3083,140,8/29/2014
United Kingdom,1/16/2015,1,0,140,8/29/2014
Nigeria,1/19/2015,20,8,143,8/29/2014
Liberia,1/19/2015,8435,3587,143,8/29/2014
United Kingdom,1/19/2015,1,0,143,8/29/2014
Spain,1/19/2015,1,0,143,8/29/2014
Guinea,1/19/2015,2873,1875,143,8/29/2014
Sierra Leone,1/19/2015,10306,3132,143,8/29/2014
Senegal,1/19/2015,1,0,143,8/29/2014
United States of America,1/19/2015,4,1,143,8/29/2014
Mali,1/19/2015,8,6,143,8/29/2014
Spain,1/20/2015,1,0,144,8/29/2014
United Kingdom,1/20/2015,1,0,144,8/29/2014
Senegal,1/20/2015,1,0,144,8/29/2014
Nigeria,1/20/2015,20,8,144,8/29/2014
Liberia,1/20/2015,8478,3605,144,8/29/2014
Guinea,1/20/2015,2871,1876,144,8/29/2014
Mali,1/20/2015,8,6,144,8/29/2014
United States of America,1/20/2015,4,1,144,8/29/2014
Sierra Leone,1/20/2015,10340,3145,144,8/29/2014
Sierra Leone,1/21/2015,10340,3145,145,8/29/2014
Nigeria,1/21/2015,20,8,145,8/29/2014
Liberia,1/21/2015,8478,3605,145,8/29/2014
Spain,1/21/2015,1,0,145,8/29/2014
Mali,1/21/2015,8,6,145,8/29/2014
Senegal,1/21/2015,1,0,145,8/29/2014
United States of America,1/21/2015,4,1,145,8/29/2014
Guinea,1/21/2015,2871,1876,145,8/29/2014
United Kingdom,1/21/2015,1,0,145,8/29/2014
Liberia,1/22/2015,8524,3636,146,8/29/2014
Senegal,1/22/2015,1,0,146,8/29/2014
United States of America,1/22/2015,4,1,146,8/29/2014
Nigeria,1/22/2015,20,8,146,8/29/2014
Sierra Leone,1/22/2015,10362,3153,146,8/29/2014
Mali,1/22/2015,8,6,146,8/29/2014
Guinea,1/22/2015,2873,1879,146,8/29/2014
Spain,1/22/2015,1,0,146,8/29/2014
United Kingdom,1/22/2015,1,0,146,8/29/2014
Sierra Leone,1/23/2015,10400,3159,147,8/29/2014
Mali,1/23/2015,8,6,147,8/29/2014
Liberia,1/23/2015,8524,3636,147,8/29/2014
Spain,1/23/2015,1,0,147,8/29/2014
Guinea,1/23/2015,2873,1880,147,8/29/2014
Senegal,1/23/2015,1,0,147,8/29/2014
Nigeria,1/23/2015,20,8,147,8/29/2014
United States of America,1/23/2015,4,1,147,8/29/2014
United Kingdom,1/23/2015,1,0,147,8/29/2014
Senegal,1/26/2015,1,0,150,8/29/2014
Sierra Leone,1/26/2015,10491,3195,150,8/29/2014
Nigeria,1/26/2015,20,8,150,8/29/2014
United States of America,1/26/2015,4,1,150,8/29/2014
Guinea,1/26/2015,2909,1906,150,8/29/2014
United Kingdom,1/26/2015,1,0,150,8/29/2014
Mali,1/26/2015,8,6,150,8/29/2014
Liberia,1/26/2015,8524,3636,150,8/29/2014
Spain,1/26/2015,1,0,150,8/29/2014
Mali,1/27/2015,8,6,151,8/29/2014
Liberia,1/27/2015,8622,3686,151,8/29/2014
United States of America,1/27/2015,4,1,151,8/29/2014
Spain,1/27/2015,1,0,151,8/29/2014
Nigeria,1/27/2015,20,8,151,8/29/2014
Senegal,1/27/2015,1,0,151,8/29/2014
Sierra Leone,1/27/2015,10518,3199,151,8/29/2014
United Kingdom,1/27/2015,1,0,151,8/29/2014
Guinea,1/27/2015,2917,1910,151,8/29/2014
Senegal,1/28/2015,1,0,152,8/29/2014
Liberia,1/28/2015,8622,3686,152,8/29/2014
United States of America,1/28/2015,4,1,152,8/29/2014
Sierra Leone,1/28/2015,10518,3199,152,8/29/2014
Spain,1/28/2015,1,0,152,8/29/2014
United Kingdom,1/28/2015,1,0,152,8/29/2014
Mali,1/28/2015,8,6,152,8/29/2014
Nigeria,1/28/2015,20,8,152,8/29/2014
Guinea,1/28/2015,2917,1910,152,8/29/2014
Mali,1/29/2015,8,6,153,8/29/2014
Nigeria,1/29/2015,20,8,153,8/29/2014
Spain,1/29/2015,1,0,153,8/29/2014
Liberia,1/29/2015,8643,3700,153,8/29/2014
United States of America,1/29/2015,4,1,153,8/29/2014
Senegal,1/29/2015,1,0,153,8/29/2014
Sierra Leone,1/29/2015,10537,3207,153,8/29/2014
Guinea,1/29/2015,2921,1911,153,8/29/2014
United Kingdom,1/29/2015,1,0,153,8/29/2014
Spain,1/30/2015,1,0,154,8/29/2014
Liberia,1/30/2015,8643,3700,154,8/29/2014
Sierra Leone,1/30/2015,10561,3216,154,8/29/2014
United Kingdom,1/30/2015,1,0,154,8/29/2014
Senegal,1/30/2015,1,0,154,8/29/2014
United States of America,1/30/2015,4,1,154,8/29/2014
Guinea,1/30/2015,2920,1913,154,8/29/2014
Nigeria,1/30/2015,20,8,154,8/29/2014
Mali,1/30/2015,8,6,154,8/29/2014
Liberia,2/2/2015,8668,3710,157,8/29/2014
Sierra Leone,2/2/2015,10707,3274,157,8/29/2014
United States of America,2/2/2015,4,1,157,8/29/2014
Nigeria,2/2/2015,20,8,157,8/29/2014
Senegal,2/2/2015,1,0,157,8/29/2014
Guinea,2/2/2015,2959,1937,157,8/29/2014
Mali,2/2/2015,8,6,157,8/29/2014
Spain,2/2/2015,1,0,157,8/29/2014
United Kingdom,2/2/2015,1,0,157,8/29/2014
Guinea,2/3/2015,2975,1944,158,8/29/2014
Mali,2/3/2015,8,6,158,8/29/2014
Senegal,2/3/2015,1,0,158,8/29/2014
Liberia,2/3/2015,8729,3739,158,8/29/2014
Nigeria,2/3/2015,20,8,158,8/29/2014
United Kingdom,2/3/2015,1,0,158,8/29/2014
Spain,2/3/2015,1,0,158,8/29/2014
Sierra Leone,2/3/2015,10740,3276,158,8/29/2014
United States of America,2/3/2015,4,1,158,8/29/2014
Sierra Leone,2/4/2015,10740,3276,159,8/29/2014
Mali,2/4/2015,8,6,159,8/29/2014
Liberia,2/4/2015,8745,3746,159,8/29/2014
Guinea,2/4/2015,2975,1944,159,8/29/2014
Spain,2/4/2015,1,0,159,8/29/2014
United Kingdom,2/4/2015,1,0,159,8/29/2014
Senegal,2/4/2015,1,0,159,8/29/2014
Nigeria,2/4/2015,20,8,159,8/29/2014
United States of America,2/4/2015,4,1,159,8/29/2014
United Kingdom,2/5/2015,1,0,160,8/29/2014
United States of America,2/5/2015,4,1,160,8/29/2014
Mali,2/5/2015,8,6,160,8/29/2014
Guinea,2/5/2015,2986,1947,160,8/29/2014
Sierra Leone,2/5/2015,10756,3286,160,8/29/2014
Nigeria,2/5/2015,20,8,160,8/29/2014
Liberia,2/5/2015,8745,3746,160,8/29/2014
Senegal,2/5/2015,1,0,160,8/29/2014
Spain,2/5/2015,1,0,160,8/29/2014
Nigeria,2/6/2015,20,8,161,8/29/2014
Mali,2/6/2015,8,6,161,8/29/2014
Spain,2/6/2015,1,0,161,8/29/2014
Senegal,2/6/2015,1,0,161,8/29/2014
Sierra Leone,2/6/2015,10792,3301,161,8/29/2014
Liberia,2/6/2015,8745,3746,161,8/29/2014
United States of America,2/6/2015,4,1,161,8/29/2014
United Kingdom,2/6/2015,1,0,161,8/29/2014
Guinea,2/6/2015,2988,1957,161,8/29/2014
Guinea,2/10/2015,3044,1995,165,8/29/2014
Spain,2/10/2015,1,0,165,8/29/2014
Mali,2/10/2015,8,6,165,8/29/2014
United States of America,2/10/2015,4,1,165,8/29/2014
Liberia,2/10/2015,8881,3826,165,8/29/2014
Senegal,2/10/2015,1,0,165,8/29/2014
Sierra Leone,2/10/2015,10934,3341,165,8/29/2014
United Kingdom,2/10/2015,1,0,165,8/29/2014
Nigeria,2/10/2015,20,8,165,8/29/2014
United States of America,2/11/2015,4,1,166,8/29/2014
Nigeria,2/11/2015,20,8,166,8/29/2014
Sierra Leone,2/11/2015,10934,3341,166,8/29/2014
Guinea,2/11/2015,3044,1995,166,8/29/2014
Senegal,2/11/2015,1,0,166,8/29/2014
Liberia,2/11/2015,8881,3826,166,8/29/2014
Mali,2/11/2015,8,6,166,8/29/2014
Spain,2/11/2015,1,0,166,8/29/2014
United Kingdom,2/11/2015,1,0,166,8/29/2014
Guinea,2/12/2015,3068,2018,167,8/29/2014
Sierra Leone,2/12/2015,10954,3350,167,8/29/2014
Liberia,2/12/2015,8881,3826,167,8/29/2014
Nigeria,2/12/2015,20,8,167,8/29/2014
United Kingdom,2/12/2015,1,0,167,8/29/2014
Mali,2/12/2015,8,6,167,8/29/2014
Senegal,2/12/2015,1,0,167,8/29/2014
Spain,2/12/2015,1,0,167,8/29/2014
United States of America,2/12/2015,4,1,167,8/29/2014
Sierra Leone,2/13/2015,10987,3363,168,8/29/2014
Senegal,2/13/2015,1,0,168,8/29/2014
Spain,2/13/2015,1,0,168,8/29/2014
Mali,2/13/2015,8,6,168,8/29/2014
Guinea,2/13/2015,3081,2032,168,8/29/2014
United Kingdom,2/13/2015,1,0,168,8/29/2014
United States of America,2/13/2015,4,1,168,8/29/2014
Liberia,2/13/2015,8931,3858,168,8/29/2014
Nigeria,2/13/2015,20,8,168,8/29/2014
Liberia,2/16/2015,9007,3900,171,8/29/2014
United States of America,2/16/2015,4,1,171,8/29/2014
Mali,2/16/2015,8,6,171,8/29/2014
United Kingdom,2/16/2015,1,0,171,8/29/2014
Guinea,2/16/2015,3101,2052,171,8/29/2014
Senegal,2/16/2015,1,0,171,8/29/2014
Spain,2/16/2015,1,0,171,8/29/2014
Sierra Leone,2/16/2015,11074,3401,171,8/29/2014
Nigeria,2/16/2015,20,8,171,8/29/2014
Nigeria,2/17/2015,20,8,172,8/29/2014
Liberia,2/17/2015,9007,3900,172,8/29/2014
United States of America,2/17/2015,4,1,172,8/29/2014
Guinea,2/17/2015,3108,2057,172,8/29/2014
Sierra Leone,2/17/2015,11103,3408,172,8/29/2014
Spain,2/17/2015,1,0,172,8/29/2014
Mali,2/17/2015,8,6,172,8/29/2014
United Kingdom,2/17/2015,1,0,172,8/29/2014
Senegal,2/17/2015,1,0,172,8/29/2014
Sierra Leone,2/18/2015,11103,3408,173,8/29/2014
United Kingdom,2/18/2015,1,0,173,8/29/2014
Nigeria,2/18/2015,20,8,173,8/29/2014
Spain,2/18/2015,1,0,173,8/29/2014
Mali,2/18/2015,8,6,173,8/29/2014
Liberia,2/18/2015,9007,3900,173,8/29/2014
Senegal,2/18/2015,1,0,173,8/29/2014
Guinea,2/18/2015,3108,2057,173,8/29/2014
United States of America,2/18/2015,4,1,173,8/29/2014
Nigeria,2/19/2015,20,8,174,8/29/2014
United States of America,2/19/2015,4,1,174,8/29/2014
Liberia,2/19/2015,9096,3947,174,8/29/2014
Senegal,2/19/2015,1,0,174,8/29/2014
Sierra Leone,2/19/2015,11155,3423,174,8/29/2014
Spain,2/19/2015,1,0,174,8/29/2014
Mali,2/19/2015,8,6,174,8/29/2014
Guinea,2/19/2015,3115,2067,174,8/29/2014
United Kingdom,2/19/2015,1,0,174,8/29/2014
United Kingdom,2/20/2015,1,0,175,8/29/2014
Liberia,2/20/2015,9096,3947,175,8/29/2014
Guinea,2/20/2015,3120,2072,175,8/29/2014
United States of America,2/20/2015,4,1,175,8/29/2014
Nigeria,2/20/2015,20,8,175,8/29/2014
Sierra Leone,2/20/2015,11155,3423,175,8/29/2014
Mali,2/20/2015,8,6,175,8/29/2014
Spain,2/20/2015,1,0,175,8/29/2014
Senegal,2/20/2015,1,0,175,8/29/2014
Liberia,2/23/2015,9229,4032,178,8/29/2014
Senegal,2/23/2015,1,0,178,8/29/2014
Spain,2/23/2015,1,0,178,8/29/2014
United Kingdom,2/23/2015,1,0,178,8/29/2014
Mali,2/23/2015,8,6,178,8/29/2014
Sierra Leone,2/23/2015,11155,3423,178,8/29/2014
Nigeria,2/23/2015,20,8,178,8/29/2014
Guinea,2/23/2015,3155,2086,178,8/29/2014
United States of America,2/23/2015,4,1,178,8/29/2014
United Kingdom,2/25/2015,1,0,180,8/29/2014
Sierra Leone,2/25/2015,11301,3461,180,8/29/2014
Liberia,2/25/2015,9238,4037,180,8/29/2014
Nigeria,2/25/2015,20,8,180,8/29/2014
Mali,2/25/2015,8,6,180,8/29/2014
United States of America,2/25/2015,4,1,180,8/29/2014
Guinea,2/25/2015,3155,2091,180,8/29/2014
Senegal,2/25/2015,1,0,180,8/29/2014
Spain,2/25/2015,1,0,180,8/29/2014
Mali,2/26/2015,8,6,181,8/29/2014
Senegal,2/26/2015,1,0,181,8/29/2014
Guinea,2/26/2015,3175,2101,181,8/29/2014
Sierra Leone,2/26/2015,11341,3479,181,8/29/2014
United Kingdom,2/26/2015,1,0,181,8/29/2014
United States of America,2/26/2015,4,1,181,8/29/2014
Liberia,2/26/2015,9265,4057,181,8/29/2014
Nigeria,2/26/2015,20,8,181,8/29/2014
Spain,2/26/2015,1,0,181,8/29/2014
Sierra Leone,2/27/2015,11370,3490,182,8/29/2014
Mali,2/27/2015,8,6,182,8/29/2014
Nigeria,2/27/2015,20,8,182,8/29/2014
United States of America,2/27/2015,4,1,182,8/29/2014
Guinea,2/27/2015,3190,2113,182,8/29/2014
United Kingdom,2/27/2015,1,0,182,8/29/2014
Senegal,2/27/2015,1,0,182,8/29/2014
Spain,2/27/2015,1,0,182,8/29/2014
Liberia,2/27/2015,9265,4057,182,8/29/2014
Guinea,3/2/2015,3205,2127,185,8/29/2014
United Kingdom,3/2/2015,1,0,185,8/29/2014
Sierra Leone,3/2/2015,11443,3530,185,8/29/2014
Spain,3/2/2015,1,0,185,8/29/2014
Nigeria,3/2/2015,20,8,185,8/29/2014
Mali,3/2/2015,8,6,185,8/29/2014
Liberia,3/2/2015,9265,4057,185,8/29/2014
United States of America,3/2/2015,4,1,185,8/29/2014
Senegal,3/2/2015,1,0,185,8/29/2014
Liberia,3/4/2015,9265,4057,187,8/29/2014
Nigeria,3/4/2015,20,8,187,8/29/2014
Senegal,3/4/2015,1,0,187,8/29/2014
United States of America,3/4/2015,4,1,187,8/29/2014
Mali,3/4/2015,8,6,187,8/29/2014
Spain,3/4/2015,1,0,187,8/29/2014
Sierra Leone,3/4/2015,11443,3530,187,8/29/2014
Guinea,3/4/2015,3205,2127,187,8/29/2014
United Kingdom,3/4/2015,1,0,187,8/29/2014
Nigeria,3/5/2015,20,8,188,8/29/2014
United Kingdom,3/5/2015,1,0,188,8/29/2014
Guinea,3/5/2015,3237,2141,188,8/29/2014
Spain,3/5/2015,1,0,188,8/29/2014
Liberia,3/5/2015,9249,4117,188,8/29/2014
Senegal,3/5/2015,1,0,188,8/29/2014
Mali,3/5/2015,8,6,188,8/29/2014
Sierra Leone,3/5/2015,11497,3565,188,8/29/2014
United States of America,3/5/2015,4,1,188,8/29/2014
United States of America,3/6/2015,4,1,189,8/29/2014
Mali,3/6/2015,8,6,189,8/29/2014
Nigeria,3/6/2015,20,8,189,8/29/2014
Liberia,3/6/2015,9249,4117,189,8/29/2014
Sierra Leone,3/6/2015,11517,3576,189,8/29/2014
Guinea,3/6/2015,3248,2147,189,8/29/2014
Spain,3/6/2015,1,0,189,8/29/2014
Senegal,3/6/2015,1,0,189,8/29/2014
United Kingdom,3/6/2015,1,0,189,8/29/2014
Guinea,3/10/2015,3285,2170,193,8/29/2014
Mali,3/10/2015,8,6,193,8/29/2014
Sierra Leone,3/10/2015,11619,3629,193,8/29/2014
Spain,3/10/2015,1,0,193,8/29/2014
United States of America,3/10/2015,4,1,193,8/29/2014
United Kingdom,3/10/2015,1,0,193,8/29/2014
Liberia,3/10/2015,9343,4162,193,8/29/2014
Senegal,3/10/2015,1,0,193,8/29/2014
Nigeria,3/10/2015,20,8,193,8/29/2014
Guinea,3/11/2015,3285,2170,194,8/29/2014
United States of America,3/11/2015,4,1,194,8/29/2014
United Kingdom,3/11/2015,1,0,194,8/29/2014
Mali,3/11/2015,8,6,194,8/29/2014
Senegal,3/11/2015,1,0,194,8/29/2014
Nigeria,3/11/2015,20,8,194,8/29/2014
Liberia,3/11/2015,9343,4162,194,8/29/2014
Spain,3/11/2015,1,0,194,8/29/2014
Sierra Leone,3/11/2015,11619,3629,194,8/29/2014
Nigeria,3/12/2015,20,8,195,8/29/2014
Spain,3/12/2015,1,0,195,8/29/2014
United Kingdom,3/12/2015,1,0,195,8/29/2014
United States of America,3/12/2015,4,1,195,8/29/2014
Sierra Leone,3/12/2015,11677,3655,195,8/29/2014
Liberia,3/12/2015,9343,4162,195,8/29/2014
Guinea,3/12/2015,3330,2187,195,8/29/2014
Senegal,3/12/2015,1,0,195,8/29/2014
Mali,3/12/2015,8,6,195,8/29/2014
Spain,3/13/2015,1,0,196,8/29/2014
Liberia,3/13/2015,9482,4241,196,8/29/2014
Sierra Leone,3/13/2015,11696,3663,196,8/29/2014
United States of America,3/13/2015,4,1,196,8/29/2014
Guinea,3/13/2015,3331,2192,196,8/29/2014
United Kingdom,3/13/2015,1,0,196,8/29/2014
Nigeria,3/13/2015,20,8,196,8/29/2014
Senegal,3/13/2015,1,0,196,8/29/2014
Mali,3/13/2015,8,6,196,8/29/2014
Mali,3/16/2015,8,6,199,8/29/2014
Guinea,3/16/2015,3373,2216,199,8/29/2014
Sierra Leone,3/16/2015,11742,3687,199,8/29/2014
Senegal,3/16/2015,1,0,199,8/29/2014
Nigeria,3/16/2015,20,8,199,8/29/2014
Spain,3/16/2015,1,0,199,8/29/2014
United States of America,3/16/2015,4,1,199,8/29/2014
Liberia,3/16/2015,9482,4241,199,8/29/2014
United Kingdom,3/16/2015,1,0,199,8/29/2014
Guinea,3/17/2015,3389,2224,200,8/29/2014
Mali,3/17/2015,8,6,200,8/29/2014
Nigeria,3/17/2015,20,8,200,8/29/2014
Senegal,3/17/2015,1,0,200,8/29/2014
Sierra Leone,3/17/2015,11751,3691,200,8/29/2014
Liberia,3/17/2015,9526,4264,200,8/29/2014
Spain,3/17/2015,1,0,200,8/29/2014
United Kingdom,3/17/2015,1,0,200,8/29/2014
United States of America,3/17/2015,4,1,200,8/29/2014
Liberia,3/18/2015,9526,4264,201,8/29/2014
Sierra Leone,3/18/2015,11751,3691,201,8/29/2014
Spain,3/18/2015,1,0,201,8/29/2014
Guinea,3/18/2015,3389,2224,201,8/29/2014
United Kingdom,3/18/2015,1,0,201,8/29/2014
Nigeria,3/18/2015,20,8,201,8/29/2014
Senegal,3/18/2015,1,0,201,8/29/2014
Mali,3/18/2015,8,6,201,8/29/2014
United States of America,3/18/2015,4,1,201,8/29/2014
United Kingdom,3/20/2015,1,0,203,8/29/2014
Guinea,3/20/2015,3404,2241,203,8/29/2014
Sierra Leone,3/20/2015,11794,3712,203,8/29/2014
United States of America,3/20/2015,4,1,203,8/29/2014
Nigeria,3/20/2015,20,8,203,8/29/2014
Senegal,3/20/2015,1,0,203,8/29/2014
Spain,3/20/2015,1,0,203,8/29/2014
Mali,3/20/2015,8,6,203,8/29/2014
Liberia,3/20/2015,9555,4283,203,8/29/2014
United States of America,3/23/2015,4,1,206,8/29/2014
Senegal,3/23/2015,1,0,206,8/29/2014
Liberia,3/23/2015,9593,4296,206,8/29/2014
Mali,3/23/2015,8,6,206,8/29/2014
Sierra Leone,3/23/2015,11829,3742,206,8/29/2014
United Kingdom,3/23/2015,1,0,206,8/29/2014
Guinea,3/23/2015,3420,2261,206,8/29/2014
Spain,3/23/2015,1,0,206,8/29/2014
Nigeria,3/23/2015,20,8,206,8/29/2014
Senegal,3/24/2015,1,0,207,8/29/2014
Sierra Leone,3/24/2015,11841,3747,207,8/29/2014
Guinea,3/24/2015,3429,2263,207,8/29/2014
Spain,3/24/2015,1,0,207,8/29/2014
Nigeria,3/24/2015,20,8,207,8/29/2014
Mali,3/24/2015,8,6,207,8/29/2014
United Kingdom,3/24/2015,1,0,207,8/29/2014
United States of America,3/24/2015,4,1,207,8/29/2014
Liberia,3/24/2015,9602,4301,207,8/29/2014
Senegal,3/25/2015,1,0,208,8/29/2014
Liberia,3/25/2015,9602,4301,208,8/29/2014
Spain,3/25/2015,1,0,208,8/29/2014
Mali,3/25/2015,8,6,208,8/29/2014
Sierra Leone,3/25/2015,11841,3747,208,8/29/2014
United Kingdom,3/25/2015,1,0,208,8/29/2014
Guinea,3/25/2015,3429,2263,208,8/29/2014
Nigeria,3/25/2015,20,8,208,8/29/2014
United States of America,3/25/2015,4,1,208,8/29/2014
Spain,3/26/2015,1,0,209,8/29/2014
Guinea,3/26/2015,3459,2273,209,8/29/2014
Senegal,3/26/2015,1,0,209,8/29/2014
Sierra Leone,3/26/2015,11866,3764,209,8/29/2014
Liberia,3/26/2015,9602,4301,209,8/29/2014
Mali,3/26/2015,8,6,209,8/29/2014
Nigeria,3/26/2015,20,8,209,8/29/2014
United Kingdom,3/26/2015,1,0,209,8/29/2014
United States of America,3/26/2015,4,1,209,8/29/2014
Liberia,3/27/2015,9602,4301,210,8/29/2014
Spain,3/27/2015,1,0,210,8/29/2014
Mali,3/27/2015,8,6,210,8/29/2014
Nigeria,3/27/2015,20,8,210,8/29/2014
Senegal,3/27/2015,1,0,210,8/29/2014
United Kingdom,3/27/2015,1,0,210,8/29/2014
United States of America,3/27/2015,4,1,210,8/29/2014
Guinea,3/27/2015,3466,2276,210,8/29/2014
Sierra Leone,3/27/2015,11889,3773,210,8/29/2014
Spain,4/7/2015,1,0,221,8/29/2014
Mali,4/7/2015,8,6,221,8/29/2014
Senegal,4/7/2015,1,0,221,8/29/2014
Nigeria,4/7/2015,20,8,221,8/29/2014
Guinea,4/7/2015,3515,2333,221,8/29/2014
United Kingdom,4/7/2015,1,0,221,8/29/2014
Liberia,4/7/2015,9862,4408,221,8/29/2014
United States of America,4/7/2015,4,1,221,8/29/2014
Sierra Leone,4/7/2015,12139,3832,221,8/29/2014
Liberia,4/9/2015,9862,4408,223,8/29/2014
United Kingdom,4/9/2015,1,0,223,8/29/2014
United States of America,4/9/2015,4,1,223,8/29/2014
Mali,4/9/2015,8,6,223,8/29/2014
Senegal,4/9/2015,1,0,223,8/29/2014
Spain,4/9/2015,1,0,223,8/29/2014
Nigeria,4/9/2015,20,8,223,8/29/2014
Guinea,4/9/2015,3515,2335,223,8/29/2014
Sierra Leone,4/9/2015,12155,3841,223,8/29/2014
Sierra Leone,4/13/2015,12188,3854,227,8/29/2014
Senegal,4/13/2015,1,0,227,8/29/2014
Liberia,4/13/2015,9862,4408,227,8/29/2014
Mali,4/13/2015,8,6,227,8/29/2014
United States of America,4/13/2015,4,1,227,8/29/2014
Nigeria,4/13/2015,20,8,227,8/29/2014
Spain,4/13/2015,1,0,227,8/29/2014
United Kingdom,4/13/2015,1,0,227,8/29/2014
Guinea,4/13/2015,3541,2342,227,8/29/2014
Sierra Leone,4/14/2015,12201,3857,228,8/29/2014
United Kingdom,4/14/2015,1,0,228,8/29/2014
United States of America,4/14/2015,4,1,228,8/29/2014
Nigeria,4/14/2015,20,8,228,8/29/2014
Mali,4/14/2015,8,6,228,8/29/2014
Guinea,4/14/2015,3548,2346,228,8/29/2014
Liberia,4/14/2015,9862,4408,228,8/29/2014
Senegal,4/14/2015,1,0,228,8/29/2014
Spain,4/14/2015,1,0,228,8/29/2014
Mali,4/15/2015,8,6,229,8/29/2014
Sierra Leone,4/15/2015,12201,3857,229,8/29/2014
Liberia,4/15/2015,10042,4486,229,8/29/2014
Senegal,4/15/2015,1,0,229,8/29/2014
Guinea,4/15/2015,3548,2346,229,8/29/2014
United States of America,4/15/2015,4,1,229,8/29/2014
Spain,4/15/2015,1,0,229,8/29/2014
Nigeria,4/15/2015,20,8,229,8/29/2014
United Kingdom,4/15/2015,1,0,229,8/29/2014
Spain,4/16/2015,1,0,230,8/29/2014
United States of America,4/16/2015,4,1,230,8/29/2014
Mali,4/16/2015,8,6,230,8/29/2014
Sierra Leone,4/16/2015,12223,3865,230,8/29/2014
Nigeria,4/16/2015,20,8,230,8/29/2014
United Kingdom,4/16/2015,1,0,230,8/29/2014
Senegal,4/16/2015,1,0,230,8/29/2014
Liberia,4/16/2015,10042,4486,230,8/29/2014
Guinea,4/16/2015,3566,2348,230,8/29/2014
Guinea,4/17/2015,3569,2351,231,8/29/2014
Nigeria,4/17/2015,20,8,231,8/29/2014
United States of America,4/17/2015,4,1,231,8/29/2014
United Kingdom,4/17/2015,1,0,231,8/29/2014
Senegal,4/17/2015,1,0,231,8/29/2014
Liberia,4/17/2015,10042,4486,231,8/29/2014
Spain,4/17/2015,1,0,231,8/29/2014
Mali,4/17/2015,8,6,231,8/29/2014
Sierra Leone,4/17/2015,12244,3865,231,8/29/2014
United Kingdom,4/20/2015,1,0,234,8/29/2014
Mali,4/20/2015,8,6,234,8/29/2014
Sierra Leone,4/20/2015,12256,3872,234,8/29/2014
Senegal,4/20/2015,1,0,234,8/29/2014
Guinea,4/20/2015,3565,2357,234,8/29/2014
Liberia,4/20/2015,10042,4486,234,8/29/2014
Nigeria,4/20/2015,20,8,234,8/29/2014
Spain,4/20/2015,1,0,234,8/29/2014
United States of America,4/20/2015,4,1,234,8/29/2014
Spain,4/21/2015,1,0,235,8/29/2014
Liberia,4/21/2015,10042,4486,235,8/29/2014
Nigeria,4/21/2015,20,8,235,8/29/2014
Mali,4/21/2015,8,6,235,8/29/2014
Senegal,4/21/2015,1,0,235,8/29/2014
United States of America,4/21/2015,4,1,235,8/29/2014
Guinea,4/21/2015,3565,2358,235,8/29/2014
United Kingdom,4/21/2015,1,0,235,8/29/2014
Sierra Leone,4/21/2015,12265,3877,235,8/29/2014
United Kingdom,4/22/2015,1,0,236,8/29/2014
Spain,4/22/2015,1,0,236,8/29/2014
Sierra Leone,4/22/2015,12267,3877,236,8/29/2014
Mali,4/22/2015,8,6,236,8/29/2014
United States of America,4/22/2015,4,1,236,8/29/2014
Guinea,4/22/2015,3565,2358,236,8/29/2014
Senegal,4/22/2015,1,0,236,8/29/2014
Liberia,4/22/2015,10212,4573,236,8/29/2014
Nigeria,4/22/2015,20,8,236,8/29/2014
Mali,4/23/2015,8,6,237,8/29/2014
United Kingdom,4/23/2015,1,0,237,8/29/2014
Liberia,4/23/2015,10212,4573,237,8/29/2014
Guinea,4/23/2015,3568,2362,237,8/29/2014
Nigeria,4/23/2015,20,8,237,8/29/2014
Spain,4/23/2015,1,0,237,8/29/2014
Sierra Leone,4/23/2015,12294,3885,237,8/29/2014
United States of America,4/23/2015,4,1,237,8/29/2014
Senegal,4/23/2015,1,0,237,8/29/2014
Spain,4/24/2015,1,0,238,8/29/2014
United Kingdom,4/24/2015,1,0,238,8/29/2014
Mali,4/24/2015,8,6,238,8/29/2014
Nigeria,4/24/2015,20,8,238,8/29/2014
United States of America,4/24/2015,4,1,238,8/29/2014
Liberia,4/24/2015,10212,4573,238,8/29/2014
Guinea,4/24/2015,3576,2365,238,8/29/2014
Sierra Leone,4/24/2015,12313,3886,238,8/29/2014
Senegal,4/24/2015,1,0,238,8/29/2014
United Kingdom,4/27/2015,1,0,241,8/29/2014
Spain,4/27/2015,1,0,241,8/29/2014
Mali,4/27/2015,8,6,241,8/29/2014
Liberia,4/27/2015,10212,4573,241,8/29/2014
Nigeria,4/27/2015,20,8,241,8/29/2014
United States of America,4/27/2015,4,1,241,8/29/2014
Sierra Leone,4/27/2015,12362,3895,241,8/29/2014
Guinea,4/27/2015,3585,2374,241,8/29/2014
Senegal,4/27/2015,1,0,241,8/29/2014
Sierra Leone,4/28/2015,12371,3899,242,8/29/2014
Nigeria,4/28/2015,20,8,242,8/29/2014
Guinea,4/28/2015,3584,2377,242,8/29/2014
Senegal,4/28/2015,1,0,242,8/29/2014
United Kingdom,4/28/2015,1,0,242,8/29/2014
Spain,4/28/2015,1,0,242,8/29/2014
United States of America,4/28/2015,4,1,242,8/29/2014
Liberia,4/28/2015,10322,4608,242,8/29/2014
Mali,4/28/2015,8,6,242,8/29/2014
Senegal,4/30/2015,1,0,244,8/29/2014
Guinea,4/30/2015,3581,2381,244,8/29/2014
United States of America,4/30/2015,4,1,244,8/29/2014
Spain,4/30/2015,1,0,244,8/29/2014
United Kingdom,4/30/2015,1,0,244,8/29/2014
Nigeria,4/30/2015,20,8,244,8/29/2014
Mali,4/30/2015,8,6,244,8/29/2014
Sierra Leone,4/30/2015,12387,3901,244,8/29/2014
Liberia,4/30/2015,10322,4608,244,8/29/2014
Sierra Leone,5/1/2015,12398,3901,245,8/29/2014
Mali,5/1/2015,8,6,245,8/29/2014
Nigeria,5/1/2015,20,8,245,8/29/2014
United States of America,5/1/2015,4,1,245,8/29/2014
Guinea,5/1/2015,3578,2383,245,8/29/2014
Senegal,5/1/2015,1,0,245,8/29/2014
Liberia,5/1/2015,10322,4608,245,8/29/2014
United Kingdom,5/1/2015,1,0,245,8/29/2014
Spain,5/1/2015,1,0,245,8/29/2014
United Kingdom,5/4/2015,1,0,248,8/29/2014
Sierra Leone,5/4/2015,12426,3902,248,8/29/2014
Liberia,5/4/2015,10322,4608,248,8/29/2014
Mali,5/4/2015,8,6,248,8/29/2014
Nigeria,5/4/2015,20,8,248,8/29/2014
United States of America,5/4/2015,4,1,248,8/29/2014
Spain,5/4/2015,1,0,248,8/29/2014
Senegal,5/4/2015,1,0,248,8/29/2014
Guinea,5/4/2015,3591,2385,248,8/29/2014
Mali,5/5/2015,8,6,249,8/29/2014
Spain,5/5/2015,1,0,249,8/29/2014
Liberia,5/5/2015,10507,4691,249,8/29/2014
United States of America,5/5/2015,4,1,249,8/29/2014
Nigeria,5/5/2015,20,8,249,8/29/2014
Sierra Leone,5/5/2015,12440,3903,249,8/29/2014
United Kingdom,5/5/2015,1,0,249,8/29/2014
Senegal,5/5/2015,1,0,249,8/29/2014
Guinea,5/5/2015,3589,2386,249,8/29/2014
Guinea,5/6/2015,3589,2386,250,8/29/2014
Liberia,5/6/2015,10564,4716,250,8/29/2014
United Kingdom,5/6/2015,1,0,250,8/29/2014
Nigeria,5/6/2015,20,8,250,8/29/2014
Mali,5/6/2015,8,6,250,8/29/2014
United States of America,5/6/2015,4,1,250,8/29/2014
Sierra Leone,5/6/2015,12440,3903,250,8/29/2014
Senegal,5/6/2015,1,0,250,8/29/2014
Spain,5/6/2015,1,0,250,8/29/2014
Liberia,5/7/2015,10564,4716,251,8/29/2014
Spain,5/7/2015,1,0,251,8/29/2014
Mali,5/7/2015,8,6,251,8/29/2014
Sierra Leone,5/7/2015,12470,3904,251,8/29/2014
United States of America,5/7/2015,4,1,251,8/29/2014
United Kingdom,5/7/2015,1,0,251,8/29/2014
Senegal,5/7/2015,1,0,251,8/29/2014
Guinea,5/7/2015,3592,2387,251,8/29/2014
Nigeria,5/7/2015,20,8,251,8/29/2014
Senegal,5/8/2015,1,0,252,8/29/2014
Spain,5/8/2015,1,0,252,8/29/2014
Sierra Leone,5/8/2015,12492,3904,252,8/29/2014
United States of America,5/8/2015,4,1,252,8/29/2014
Nigeria,5/8/2015,20,8,252,8/29/2014
Liberia,5/8/2015,10564,4716,252,8/29/2014
United Kingdom,5/8/2015,1,0,252,8/29/2014
Mali,5/8/2015,8,6,252,8/29/2014
Guinea,5/8/2015,3592,2387,252,8/29/2014
United Kingdom,5/11/2015,1,0,255,8/29/2014
Guinea,5/11/2015,3599,2391,255,8/29/2014
Senegal,5/11/2015,1,0,255,8/29/2014
United States of America,5/11/2015,4,1,255,8/29/2014
Spain,5/11/2015,1,0,255,8/29/2014
Mali,5/11/2015,8,6,255,8/29/2014
Liberia,5/11/2015,10604,4769,255,8/29/2014
Nigeria,5/11/2015,20,8,255,8/29/2014
Sierra Leone,5/11/2015,12519,3904,255,8/29/2014
Senegal,5/12/2015,1,0,256,8/29/2014
Mali,5/12/2015,8,6,256,8/29/2014
Liberia,5/12/2015,10604,4769,256,8/29/2014
United States of America,5/12/2015,4,1,256,8/29/2014
United Kingdom,5/12/2015,1,0,256,8/29/2014
Sierra Leone,5/12/2015,12523,3904,256,8/29/2014
Nigeria,5/12/2015,20,8,256,8/29/2014
Guinea,5/12/2015,3597,2392,256,8/29/2014
Spain,5/12/2015,1,0,256,8/29/2014
Sierra Leone,5/13/2015,12519,3904,257,8/29/2014
United Kingdom,5/13/2015,1,0,257,8/29/2014
Senegal,5/13/2015,1,0,257,8/29/2014
Nigeria,5/13/2015,20,8,257,8/29/2014
Spain,5/13/2015,1,0,257,8/29/2014
Liberia,5/13/2015,10604,4769,257,8/29/2014
Mali,5/13/2015,8,6,257,8/29/2014
Guinea,5/13/2015,3599,2391,257,8/29/2014
United States of America,5/13/2015,4,1,257,8/29/2014
Nigeria,5/14/2015,20,8,258,8/29/2014
Spain,5/14/2015,1,0,258,8/29/2014
Liberia,5/14/2015,10604,4769,258,8/29/2014
United States of America,5/14/2015,4,1,258,8/29/2014
Mali,5/14/2015,8,6,258,8/29/2014
Guinea,5/14/2015,3615,2399,258,8/29/2014
Senegal,5/14/2015,1,0,258,8/29/2014
United Kingdom,5/14/2015,1,0,258,8/29/2014
Sierra Leone,5/14/2015,12536,3904,258,8/29/2014
Italy,5/14/2015,1,0,258,8/29/2014
Mali,5/15/2015,8,6,259,8/29/2014
Guinea,5/15/2015,3619,2401,259,8/29/2014
Sierra Leone,5/15/2015,12540,3904,259,8/29/2014
Nigeria,5/15/2015,20,8,259,8/29/2014
United Kingdom,5/15/2015,1,0,259,8/29/2014
Italy,5/15/2015,1,0,259,8/29/2014
Spain,5/15/2015,1,0,259,8/29/2014
United States of America,5/15/2015,4,1,259,8/29/2014
Senegal,5/15/2015,1,0,259,8/29/2014
Liberia,5/15/2015,10604,4769,259,8/29/2014
Nigeria,5/18/2015,20,8,262,8/29/2014
Spain,5/18/2015,1,0,262,8/29/2014
Sierra Leone,5/18/2015,12593,3906,262,8/29/2014
United Kingdom,5/18/2015,1,0,262,8/29/2014
Liberia,5/18/2015,10666,4806,262,8/29/2014
Senegal,5/18/2015,1,0,262,8/29/2014
Italy,5/18/2015,1,0,262,8/29/2014
Mali,5/18/2015,8,6,262,8/29/2014
United States of America,5/18/2015,4,1,262,8/29/2014
Guinea,5/18/2015,3626,2405,262,8/29/2014
Mali,5/19/2015,8,6,263,8/29/2014
Italy,5/19/2015,1,0,263,8/29/2014
Guinea,5/19/2015,3635,2407,263,8/29/2014
Sierra Leone,5/19/2015,12632,3907,263,8/29/2014
Spain,5/19/2015,1,0,263,8/29/2014
Nigeria,5/19/2015,20,8,263,8/29/2014
United Kingdom,5/19/2015,1,0,263,8/29/2014
United States of America,5/19/2015,4,1,263,8/29/2014
Liberia,5/19/2015,10666,4806,263,8/29/2014
Senegal,5/19/2015,1,0,263,8/29/2014
Spain,5/20/2015,1,0,264,8/29/2014
United Kingdom,5/20/2015,1,0,264,8/29/2014
Sierra Leone,5/20/2015,12632,3907,264,8/29/2014
Senegal,5/20/2015,1,0,264,8/29/2014
Nigeria,5/20/2015,20,8,264,8/29/2014
Italy,5/20/2015,1,0,264,8/29/2014
Guinea,5/20/2015,3635,2407,264,8/29/2014
Mali,5/20/2015,8,6,264,8/29/2014
Liberia,5/20/2015,10666,4806,264,8/29/2014
United States of America,5/20/2015,4,1,264,8/29/2014
Liberia,5/21/2015,10666,4806,265,8/29/2014
Italy,5/21/2015,1,0,265,8/29/2014
Spain,5/21/2015,1,0,265,8/29/2014
Sierra Leone,5/21/2015,12656,3907,265,8/29/2014
Nigeria,5/21/2015,20,8,265,8/29/2014
Senegal,5/21/2015,1,0,265,8/29/2014
Mali,5/21/2015,8,6,265,8/29/2014
United Kingdom,5/21/2015,1,0,265,8/29/2014
Guinea,5/21/2015,3649,2409,265,8/29/2014
United States of America,5/21/2015,4,1,265,8/29/2014
Spain,5/22/2015,1,0,266,8/29/2014
Mali,5/22/2015,8,6,266,8/29/2014
Liberia,5/22/2015,10666,4806,266,8/29/2014
Italy,5/22/2015,1,0,266,8/29/2014
United States of America,5/22/2015,4,1,266,8/29/2014
Sierra Leone,5/22/2015,12666,3907,266,8/29/2014
Guinea,5/22/2015,3647,2412,266,8/29/2014
Nigeria,5/22/2015,20,8,266,8/29/2014
United Kingdom,5/22/2015,1,0,266,8/29/2014
Senegal,5/22/2015,1,0,266,8/29/2014
Nigeria,5/25/2015,20,8,269,8/29/2014
Italy,5/25/2015,1,0,269,8/29/2014
United Kingdom,5/25/2015,1,0,269,8/29/2014
United States of America,5/25/2015,4,1,269,8/29/2014
Mali,5/25/2015,8,6,269,8/29/2014
Spain,5/25/2015,1,0,269,8/29/2014
Senegal,5/25/2015,1,0,269,8/29/2014
Liberia,5/25/2015,10666,4806,269,8/29/2014
Guinea,5/25/2015,3640,2418,269,8/29/2014
Sierra Leone,5/25/2015,12696,3908,269,8/29/2014
Nigeria,5/26/2015,20,8,270,8/29/2014
Senegal,5/26/2015,1,0,270,8/29/2014
Guinea,5/26/2015,3641,2420,270,8/29/2014
Mali,5/26/2015,8,6,270,8/29/2014
Italy,5/26/2015,1,0,270,8/29/2014
Spain,5/26/2015,1,0,270,8/29/2014
Sierra Leone,5/26/2015,12706,3908,270,8/29/2014
United Kingdom,5/26/2015,1,0,270,8/29/2014
Liberia,5/26/2015,10666,4806,270,8/29/2014
United States of America,5/26/2015,4,1,270,8/29/2014
Mali,5/27/2015,8,6,271,8/29/2014
Italy,5/27/2015,1,0,271,8/29/2014
Guinea,5/27/2015,3641,2420,271,8/29/2014
Nigeria,5/27/2015,20,8,271,8/29/2014
Sierra Leone,5/27/2015,12706,3908,271,8/29/2014
United States of America,5/27/2015,4,1,271,8/29/2014
Liberia,5/27/2015,10666,4806,271,8/29/2014
Spain,5/27/2015,1,0,271,8/29/2014
United Kingdom,5/27/2015,1,0,271,8/29/2014
Senegal,5/27/2015,1,0,271,8/29/2014
Italy,5/28/2015,1,0,272,8/29/2014
Mali,5/28/2015,8,6,272,8/29/2014
United States of America,5/28/2015,4,1,272,8/29/2014
Liberia,5/28/2015,10666,4806,272,8/29/2014
Spain,5/28/2015,1,0,272,8/29/2014
Senegal,5/28/2015,1,0,272,8/29/2014
Nigeria,5/28/2015,20,8,272,8/29/2014
Guinea,5/28/2015,3639,2423,272,8/29/2014
United Kingdom,5/28/2015,1,0,272,8/29/2014
Sierra Leone,5/28/2015,12735,3911,272,8/29/2014
Guinea,5/29/2015,3644,2425,273,8/29/2014
United Kingdom,5/29/2015,1,0,273,8/29/2014
Liberia,5/29/2015,10666,4806,273,8/29/2014
United States of America,5/29/2015,4,1,273,8/29/2014
Italy,5/29/2015,1,0,273,8/29/2014
Sierra Leone,5/29/2015,12745,3911,273,8/29/2014
Nigeria,5/29/2015,20,8,273,8/29/2014
Spain,5/29/2015,1,0,273,8/29/2014
Senegal,5/29/2015,1,0,273,8/29/2014
Mali,5/29/2015,8,6,273,8/29/2014
United Kingdom,6/1/2015,1,0,276,8/29/2014
United States of America,6/1/2015,4,1,276,8/29/2014
Sierra Leone,6/1/2015,12816,3911,276,8/29/2014
Nigeria,6/1/2015,20,8,276,8/29/2014
Spain,6/1/2015,1,0,276,8/29/2014
Senegal,6/1/2015,1,0,276,8/29/2014
Italy,6/1/2015,1,0,276,8/29/2014
Guinea,6/1/2015,3653,2428,276,8/29/2014
Liberia,6/1/2015,10666,4806,276,8/29/2014
Mali,6/1/2015,8,6,276,8/29/2014
Sierra Leone,6/2/2015,12827,3912,277,8/29/2014
Nigeria,6/2/2015,20,8,277,8/29/2014
Senegal,6/2/2015,1,0,277,8/29/2014
Guinea,6/2/2015,3652,2429,277,8/29/2014
Mali,6/2/2015,8,6,277,8/29/2014
United States of America,6/2/2015,4,1,277,8/29/2014
Liberia,6/2/2015,10666,4806,277,8/29/2014
Spain,6/2/2015,1,0,277,8/29/2014
Italy,6/2/2015,1,0,277,8/29/2014
United Kingdom,6/2/2015,1,0,277,8/29/2014
United States of America,6/3/2015,4,1,278,8/29/2014
United Kingdom,6/3/2015,1,0,278,8/29/2014
Senegal,6/3/2015,1,0,278,8/29/2014
Nigeria,6/3/2015,20,8,278,8/29/2014
Sierra Leone,6/3/2015,12827,3912,278,8/29/2014
Italy,6/3/2015,1,0,278,8/29/2014
Guinea,6/3/2015,3652,2429,278,8/29/2014
Spain,6/3/2015,1,0,278,8/29/2014
Mali,6/3/2015,8,6,278,8/29/2014
Liberia,6/3/2015,10666,4806,278,8/29/2014
Guinea,6/4/2015,3657,2431,279,8/29/2014
Sierra Leone,6/4/2015,12850,3912,279,8/29/2014
United States of America,6/4/2015,4,1,279,8/29/2014
Spain,6/4/2015,1,0,279,8/29/2014
Mali,6/4/2015,8,6,279,8/29/2014
Senegal,6/4/2015,1,0,279,8/29/2014
Liberia,6/4/2015,10666,4806,279,8/29/2014
Nigeria,6/4/2015,20,8,279,8/29/2014
United Kingdom,6/4/2015,1,0,279,8/29/2014
Italy,6/4/2015,1,0,279,8/29/2014
United Kingdom,6/5/2015,1,0,280,8/29/2014
Guinea,6/5/2015,3664,2431,280,8/29/2014
Italy,6/5/2015,1,0,280,8/29/2014
United States of America,6/5/2015,4,1,280,8/29/2014
Spain,6/5/2015,1,0,280,8/29/2014
Senegal,6/5/2015,1,0,280,8/29/2014
Liberia,6/5/2015,10666,4806,280,8/29/2014
Nigeria,6/5/2015,20,8,280,8/29/2014
Mali,6/5/2015,8,6,280,8/29/2014
Sierra Leone,6/5/2015,12859,3912,280,8/29/2014
Senegal,6/8/2015,1,0,283,8/29/2014
Nigeria,6/8/2015,20,8,283,8/29/2014
Sierra Leone,6/8/2015,12884,3913,283,8/29/2014
United States of America,6/8/2015,4,1,283,8/29/2014
Spain,6/8/2015,1,0,283,8/29/2014
Guinea,6/8/2015,3669,2435,283,8/29/2014
Liberia,6/8/2015,10666,4806,283,8/29/2014
Italy,6/8/2015,1,0,283,8/29/2014
Mali,6/8/2015,8,6,283,8/29/2014
United Kingdom,6/8/2015,1,0,283,8/29/2014
Sierra Leone,6/9/2015,12901,3915,284,8/29/2014
Spain,6/9/2015,1,0,284,8/29/2014
Liberia,6/9/2015,10666,4806,284,8/29/2014
United States of America,6/9/2015,4,1,284,8/29/2014
United Kingdom,6/9/2015,1,0,284,8/29/2014
Guinea,6/9/2015,3670,2437,284,8/29/2014
Mali,6/9/2015,8,6,284,8/29/2014
Nigeria,6/9/2015,20,8,284,8/29/2014
Senegal,6/9/2015,1,0,284,8/29/2014
Italy,6/9/2015,1,0,284,8/29/2014
Mali,6/10/2015,8,6,285,8/29/2014
United Kingdom,6/10/2015,1,0,285,8/29/2014
Senegal,6/10/2015,1,0,285,8/29/2014
Italy,6/10/2015,1,0,285,8/29/2014
Spain,6/10/2015,1,0,285,8/29/2014
United States of America,6/10/2015,4,1,285,8/29/2014
Liberia,6/10/2015,10666,4806,285,8/29/2014
Guinea,6/10/2015,3670,2437,285,8/29/2014
Nigeria,6/10/2015,20,8,285,8/29/2014
Sierra Leone,6/10/2015,12901,3915,285,8/29/2014
Italy,6/11/2015,1,0,286,8/29/2014
United States of America,6/11/2015,4,1,286,8/29/2014
Guinea,6/11/2015,3674,2440,286,8/29/2014
Spain,6/11/2015,1,0,286,8/29/2014
Mali,6/11/2015,8,6,286,8/29/2014
Nigeria,6/11/2015,20,8,286,8/29/2014
Senegal,6/11/2015,1,0,286,8/29/2014
Liberia,6/11/2015,10666,4806,286,8/29/2014
United Kingdom,6/11/2015,1,0,286,8/29/2014
Sierra Leone,6/11/2015,12911,3917,286,8/29/2014
Liberia,6/12/2015,10666,4806,287,8/29/2014
Guinea,6/12/2015,3677,2440,287,8/29/2014
Nigeria,6/12/2015,20,8,287,8/29/2014
Mali,6/12/2015,8,6,287,8/29/2014
Spain,6/12/2015,1,0,287,8/29/2014
United States of America,6/12/2015,4,1,287,8/29/2014
Sierra Leone,6/12/2015,12932,3917,287,8/29/2014
United Kingdom,6/12/2015,1,0,287,8/29/2014
Italy,6/12/2015,1,0,287,8/29/2014
Senegal,6/12/2015,1,0,287,8/29/2014
Spain,6/15/2015,1,0,290,8/29/2014
United States of America,6/15/2015,4,1,290,8/29/2014
Mali,6/15/2015,8,6,290,8/29/2014
Guinea,6/15/2015,3677,2443,290,8/29/2014
Liberia,6/15/2015,10666,4806,290,8/29/2014
Italy,6/15/2015,1,0,290,8/29/2014
Sierra Leone,6/15/2015,12962,3919,290,8/29/2014
Nigeria,6/15/2015,20,8,290,8/29/2014
United Kingdom,6/15/2015,1,0,290,8/29/2014
Senegal,6/15/2015,1,0,290,8/29/2014
Guinea,6/16/2015,3678,2444,291,8/29/2014
Liberia,6/16/2015,10666,4806,291,8/29/2014
Mali,6/16/2015,8,6,291,8/29/2014
United Kingdom,6/16/2015,1,0,291,8/29/2014
Sierra Leone,6/16/2015,12965,3919,291,8/29/2014
United States of America,6/16/2015,4,1,291,8/29/2014
Senegal,6/16/2015,1,0,291,8/29/2014
Italy,6/16/2015,1,0,291,8/29/2014
Nigeria,6/16/2015,20,8,291,8/29/2014
Spain,6/16/2015,1,0,291,8/29/2014
United States of America,6/17/2015,4,1,292,8/29/2014
Sierra Leone,6/17/2015,12965,3919,292,8/29/2014
Nigeria,6/17/2015,20,8,292,8/29/2014
United Kingdom,6/17/2015,1,0,292,8/29/2014
Italy,6/17/2015,1,0,292,8/29/2014
Senegal,6/17/2015,1,0,292,8/29/2014
Spain,6/17/2015,1,0,292,8/29/2014
Mali,6/17/2015,8,6,292,8/29/2014
Guinea,6/17/2015,3674,2444,292,8/29/2014
Liberia,6/17/2015,10666,4806,292,8/29/2014
Sierra Leone,6/18/2015,12990,3922,293,8/29/2014
Liberia,6/18/2015,10666,4806,293,8/29/2014
United States of America,6/18/2015,4,1,293,8/29/2014
Italy,6/18/2015,1,0,293,8/29/2014
Senegal,6/18/2015,1,0,293,8/29/2014
United Kingdom,6/18/2015,1,0,293,8/29/2014
Spain,6/18/2015,1,0,293,8/29/2014
Nigeria,6/18/2015,20,8,293,8/29/2014
Guinea,6/18/2015,3675,2445,293,8/29/2014
Mali,6/18/2015,8,6,293,8/29/2014
Mali,6/19/2015,8,6,294,8/29/2014
Sierra Leone,6/19/2015,13012,3926,294,8/29/2014
Nigeria,6/19/2015,20,8,294,8/29/2014
Spain,6/19/2015,1,0,294,8/29/2014
United States of America,6/19/2015,4,1,294,8/29/2014
Senegal,6/19/2015,1,0,294,8/29/2014
United Kingdom,6/19/2015,1,0,294,8/29/2014
Italy,6/19/2015,1,0,294,8/29/2014
Liberia,6/19/2015,10666,4806,294,8/29/2014
Guinea,6/19/2015,3674,2446,294,8/29/2014
Liberia,6/22/2015,10666,4806,297,8/29/2014
Spain,6/22/2015,1,0,297,8/29/2014
United Kingdom,6/22/2015,1,0,297,8/29/2014
Italy,6/22/2015,1,0,297,8/29/2014
Guinea,6/22/2015,3698,2456,297,8/29/2014
Sierra Leone,6/22/2015,13051,3928,297,8/29/2014
Mali,6/22/2015,8,6,297,8/29/2014
United States of America,6/22/2015,4,1,297,8/29/2014
Nigeria,6/22/2015,20,8,297,8/29/2014
Senegal,6/22/2015,1,0,297,8/29/2014
Italy,6/23/2015,1,0,298,8/29/2014
Sierra Leone,6/23/2015,13059,3928,298,8/29/2014
Liberia,6/23/2015,10666,4806,298,8/29/2014
United Kingdom,6/23/2015,1,0,298,8/29/2014
Nigeria,6/23/2015,20,8,298,8/29/2014
Senegal,6/23/2015,1,0,298,8/29/2014
United States of America,6/23/2015,4,1,298,8/29/2014
Spain,6/23/2015,1,0,298,8/29/2014
Mali,6/23/2015,8,6,298,8/29/2014
Guinea,6/23/2015,3718,2473,298,8/29/2014
United States of America,6/24/2015,4,1,299,8/29/2014
Sierra Leone,6/24/2015,13059,3928,299,8/29/2014
Senegal,6/24/2015,1,0,299,8/29/2014
United Kingdom,6/24/2015,1,0,299,8/29/2014
Guinea,6/24/2015,3718,2473,299,8/29/2014
Liberia,6/24/2015,10666,4806,299,8/29/2014
Mali,6/24/2015,8,6,299,8/29/2014
Italy,6/24/2015,1,0,299,8/29/2014
Nigeria,6/24/2015,20,8,299,8/29/2014
Spain,6/24/2015,1,0,299,8/29/2014
Nigeria,6/25/2015,20,8,300,8/29/2014
Sierra Leone,6/25/2015,13083,3931,300,8/29/2014
Senegal,6/25/2015,1,0,300,8/29/2014
Mali,6/25/2015,8,6,300,8/29/2014
Spain,6/25/2015,1,0,300,8/29/2014
United Kingdom,6/25/2015,1,0,300,8/29/2014
Liberia,6/25/2015,10666,4806,300,8/29/2014
United States of America,6/25/2015,4,1,300,8/29/2014
Guinea,6/25/2015,3718,2480,300,8/29/2014
Italy,6/25/2015,1,0,300,8/29/2014
Guinea,6/26/2015,3720,2480,301,8/29/2014
Spain,6/26/2015,1,0,301,8/29/2014
Senegal,6/26/2015,1,0,301,8/29/2014
Italy,6/26/2015,1,0,301,8/29/2014
Sierra Leone,6/26/2015,13093,3931,301,8/29/2014
Liberia,6/26/2015,10666,4806,301,8/29/2014
United Kingdom,6/26/2015,1,0,301,8/29/2014
Mali,6/26/2015,8,6,301,8/29/2014
Nigeria,6/26/2015,20,8,301,8/29/2014
United States of America,6/26/2015,4,1,301,8/29/2014
Senegal,6/29/2015,1,0,304,8/29/2014
United Kingdom,6/29/2015,1,0,304,8/29/2014
Nigeria,6/29/2015,20,8,304,8/29/2014
Guinea,6/29/2015,3724,2482,304,8/29/2014
Sierra Leone,6/29/2015,13115,3932,304,8/29/2014
Mali,6/29/2015,8,6,304,8/29/2014
Spain,6/29/2015,1,0,304,8/29/2014
Liberia,6/29/2015,10666,4806,304,8/29/2014
United States of America,6/29/2015,4,1,304,8/29/2014
Italy,6/29/2015,1,0,304,8/29/2014
United Kingdom,6/30/2015,1,0,305,8/29/2014
Mali,6/30/2015,8,6,305,8/29/2014
Liberia,6/30/2015,10666,4806,305,8/29/2014
Sierra Leone,6/30/2015,13119,3932,305,8/29/2014
Italy,6/30/2015,1,0,305,8/29/2014
Senegal,6/30/2015,1,0,305,8/29/2014
Guinea,6/30/2015,3729,2482,305,8/29/2014
Spain,6/30/2015,1,0,305,8/29/2014
Nigeria,6/30/2015,20,8,305,8/29/2014
United States of America,6/30/2015,4,1,305,8/29/2014
Sierra Leone,7/1/2015,13119,3932,306,8/29/2014
Senegal,7/1/2015,1,0,306,8/29/2014
Spain,7/1/2015,1,0,306,8/29/2014
United Kingdom,7/1/2015,1,0,306,8/29/2014
Guinea,7/1/2015,3729,2482,306,8/29/2014
Italy,7/1/2015,1,0,306,8/29/2014
Liberia,7/1/2015,10666,4806,306,8/29/2014
United States of America,7/1/2015,4,1,306,8/29/2014
Nigeria,7/1/2015,20,8,306,8/29/2014
Mali,7/1/2015,8,6,306,8/29/2014
Senegal,7/2/2015,1,0,307,8/29/2014
Italy,7/2/2015,1,0,307,8/29/2014
Liberia,7/2/2015,10666,4806,307,8/29/2014
Guinea,7/2/2015,3745,2490,307,8/29/2014
United States of America,7/2/2015,4,1,307,8/29/2014
Spain,7/2/2015,1,0,307,8/29/2014
Nigeria,7/2/2015,20,8,307,8/29/2014
Mali,7/2/2015,8,6,307,8/29/2014
Sierra Leone,7/2/2015,13129,3933,307,8/29/2014
United Kingdom,7/2/2015,1,0,307,8/29/2014
Liberia,7/3/2015,10666,4806,308,8/29/2014
United Kingdom,7/3/2015,1,0,308,8/29/2014
Nigeria,7/3/2015,20,8,308,8/29/2014
Senegal,7/3/2015,1,0,308,8/29/2014
United States of America,7/3/2015,4,1,308,8/29/2014
Guinea,7/3/2015,3750,2492,308,8/29/2014
Italy,7/3/2015,1,0,308,8/29/2014
Liberia,7/3/2015,40,5,308,8/29/2014
Spain,7/3/2015,1,0,308,8/29/2014
Mali,7/3/2015,8,6,308,8/29/2014
Sierra Leone,7/3/2015,13135,3935,308,8/29/2014
United Kingdom,7/6/2015,1,0,311,8/29/2014
Spain,7/6/2015,1,0,311,8/29/2014
Guinea,7/6/2015,3744,2498,311,8/29/2014
United States of America,7/6/2015,4,1,311,8/29/2014
Liberia,7/6/2015,4,1,311,8/29/2014
Nigeria,7/6/2015,20,8,311,8/29/2014
Mali,7/6/2015,8,6,311,8/29/2014
Sierra Leone,7/6/2015,13150,3940,311,8/29/2014
Senegal,7/6/2015,1,0,311,8/29/2014
Liberia,7/6/2015,10666,4806,311,8/29/2014
Italy,7/6/2015,1,0,311,8/29/2014
Italy,7/7/2015,1,0,312,8/29/2014
Spain,7/7/2015,1,0,312,8/29/2014
Liberia,7/7/2015,4,1,312,8/29/2014
Nigeria,7/7/2015,20,8,312,8/29/2014
United States of America,7/7/2015,4,1,312,8/29/2014
Sierra Leone,7/7/2015,13155,3940,312,8/29/2014
Senegal,7/7/2015,1,0,312,8/29/2014
Liberia,7/7/2015,10666,4806,312,8/29/2014
Guinea,7/7/2015,3748,2499,312,8/29/2014
Mali,7/7/2015,8,6,312,8/29/2014
United Kingdom,7/7/2015,1,0,312,8/29/2014
Nigeria,7/8/2015,20,8,313,8/29/2014
Liberia,7/8/2015,4,1,313,8/29/2014
United States of America,7/8/2015,4,1,313,8/29/2014
Spain,7/8/2015,1,0,313,8/29/2014
Sierra Leone,7/8/2015,13155,3940,313,8/29/2014
Mali,7/8/2015,8,6,313,8/29/2014
United Kingdom,7/8/2015,1,0,313,8/29/2014
Guinea,7/8/2015,3748,2499,313,8/29/2014
Italy,7/8/2015,1,0,313,8/29/2014
Senegal,7/8/2015,1,0,313,8/29/2014
Liberia,7/8/2015,10666,4806,313,8/29/2014
Liberia,7/9/2015,10666,4806,314,8/29/2014
Senegal,7/9/2015,1,0,314,8/29/2014
Nigeria,7/9/2015,20,8,314,8/29/2014
Liberia,7/9/2015,6,1,314,8/29/2014
United Kingdom,7/9/2015,1,0,314,8/29/2014
United States of America,7/9/2015,4,1,314,8/29/2014
Italy,7/9/2015,1,0,314,8/29/2014
Sierra Leone,7/9/2015,13169,3941,314,8/29/2014
Guinea,7/9/2015,3744,2505,314,8/29/2014
Mali,7/9/2015,8,6,314,8/29/2014
Spain,7/9/2015,1,0,314,8/29/2014
Senegal,7/10/2015,1,0,315,8/29/2014
Mali,7/10/2015,8,6,315,8/29/2014
Sierra Leone,7/10/2015,13177,3941,315,8/29/2014
Nigeria,7/10/2015,20,8,315,8/29/2014
Italy,7/10/2015,1,0,315,8/29/2014
Guinea,7/10/2015,3751,2505,315,8/29/2014
Liberia,7/10/2015,6,1,315,8/29/2014
Spain,7/10/2015,1,0,315,8/29/2014
United States of America,7/10/2015,4,1,315,8/29/2014
United Kingdom,7/10/2015,1,0,315,8/29/2014
Liberia,7/10/2015,10666,4806,315,8/29/2014
Nigeria,7/13/2015,20,8,318,8/29/2014
Liberia,7/13/2015,10666,4806,318,8/29/2014
Spain,7/13/2015,1,0,318,8/29/2014
Liberia,7/13/2015,6,1,318,8/29/2014
Senegal,7/13/2015,1,0,318,8/29/2014
Mali,7/13/2015,8,6,318,8/29/2014
United Kingdom,7/13/2015,1,0,318,8/29/2014
United States of America,7/13/2015,4,1,318,8/29/2014
Guinea,7/13/2015,3754,2506,318,8/29/2014
Italy,7/13/2015,1,0,318,8/29/2014
Sierra Leone,7/13/2015,13201,3946,318,8/29/2014
Senegal,7/14/2015,1,0,319,8/29/2014
United Kingdom,7/14/2015,1,0,319,8/29/2014
Liberia,7/14/2015,7,2,319,8/29/2014
Guinea,7/14/2015,3760,2506,319,8/29/2014
Spain,7/14/2015,1,0,319,8/29/2014
Liberia,7/14/2015,10666,4806,319,8/29/2014
Mali,7/14/2015,8,6,319,8/29/2014
Italy,7/14/2015,1,0,319,8/29/2014
United States of America,7/14/2015,4,1,319,8/29/2014
Sierra Leone,7/14/2015,13209,3947,319,8/29/2014
Nigeria,7/14/2015,20,8,319,8/29/2014
Spain,7/15/2015,1,0,320,8/29/2014
Nigeria,7/15/2015,20,8,320,8/29/2014
Italy,7/15/2015,1,0,320,8/29/2014
United Kingdom,7/15/2015,1,0,320,8/29/2014
United States of America,7/15/2015,4,1,320,8/29/2014
Guinea,7/15/2015,3760,2506,320,8/29/2014
Liberia,7/15/2015,10666,4806,320,8/29/2014
Liberia,7/15/2015,7,2,320,8/29/2014
Mali,7/15/2015,8,6,320,8/29/2014
Sierra Leone,7/15/2015,13209,3947,320,8/29/2014
Senegal,7/15/2015,1,0,320,8/29/2014
Mali,7/16/2015,8,6,321,8/29/2014
Italy,7/16/2015,1,0,321,8/29/2014
Guinea,7/16/2015,3762,2506,321,8/29/2014
Liberia,7/16/2015,10666,4806,321,8/29/2014
Spain,7/16/2015,1,0,321,8/29/2014
United Kingdom,7/16/2015,1,0,321,8/29/2014
Senegal,7/16/2015,1,0,321,8/29/2014
United States of America,7/16/2015,4,1,321,8/29/2014
Liberia,7/16/2015,6,2,321,8/29/2014
Sierra Leone,7/16/2015,13209,3947,321,8/29/2014
Nigeria,7/16/2015,20,8,321,8/29/2014
United States of America,7/17/2015,4,1,322,8/29/2014
Liberia,7/17/2015,10666,4806,322,8/29/2014
United Kingdom,7/17/2015,1,0,322,8/29/2014
Guinea,7/17/2015,3770,2509,322,8/29/2014
Italy,7/17/2015,1,0,322,8/29/2014
Nigeria,7/17/2015,20,8,322,8/29/2014
Liberia,7/17/2015,7,2,322,8/29/2014
Mali,7/17/2015,8,6,322,8/29/2014
Spain,7/17/2015,1,0,322,8/29/2014
Senegal,7/17/2015,1,0,322,8/29/2014
Sierra Leone,7/17/2015,13209,3947,322,8/29/2014
Nigeria,7/20/2015,20,8,325,8/29/2014
Liberia,7/20/2015,10666,4806,325,8/29/2014
Senegal,7/20/2015,1,0,325,8/29/2014
Guinea,7/20/2015,3784,2511,325,8/29/2014
United Kingdom,7/20/2015,1,0,325,8/29/2014
United States of America,7/20/2015,4,1,325,8/29/2014
Liberia,7/20/2015,7,2,325,8/29/2014
Italy,7/20/2015,1,0,325,8/29/2014
Sierra Leone,7/20/2015,13241,3949,325,8/29/2014
Mali,7/20/2015,8,6,325,8/29/2014
Spain,7/20/2015,1,0,325,8/29/2014
Liberia,7/21/2015,7,2,326,8/29/2014
Guinea,7/21/2015,3783,2512,326,8/29/2014
United States of America,7/21/2015,4,1,326,8/29/2014
Sierra Leone,7/21/2015,13250,3949,326,8/29/2014
United Kingdom,7/21/2015,1,0,326,8/29/2014
Spain,7/21/2015,1,0,326,8/29/2014
Liberia,7/21/2015,10666,4806,326,8/29/2014
Senegal,7/21/2015,1,0,326,8/29/2014
Mali,7/21/2015,8,6,326,8/29/2014
Nigeria,7/21/2015,20,8,326,8/29/2014
Italy,7/21/2015,1,0,326,8/29/2014
Sierra Leone,7/22/2015,13250,3949,327,8/29/2014
Spain,7/22/2015,1,0,327,8/29/2014
Guinea,7/22/2015,3783,2512,327,8/29/2014
Nigeria,7/22/2015,20,8,327,8/29/2014
Italy,7/22/2015,1,0,327,8/29/2014
Liberia,7/22/2015,6,2,327,8/29/2014
Senegal,7/22/2015,1,0,327,8/29/2014
United States of America,7/22/2015,4,1,327,8/29/2014
Liberia,7/22/2015,10666,4806,327,8/29/2014
Mali,7/22/2015,8,6,327,8/29/2014
United Kingdom,7/22/2015,1,0,327,8/29/2014
United States of America,7/23/2015,4,1,328,8/29/2014
Spain,7/23/2015,1,0,328,8/29/2014
Sierra Leone,7/23/2015,13262,3949,328,8/29/2014
Guinea,7/23/2015,3788,2516,328,8/29/2014
Liberia,7/23/2015,10666,4806,328,8/29/2014
United Kingdom,7/23/2015,1,0,328,8/29/2014
Nigeria,7/23/2015,20,8,328,8/29/2014
Mali,7/23/2015,8,6,328,8/29/2014
Senegal,7/23/2015,1,0,328,8/29/2014
Liberia,7/23/2015,7,2,328,8/29/2014
Italy,7/23/2015,1,0,328,8/29/2014
United States of America,7/24/2015,4,1,329,8/29/2014
Liberia,7/24/2015,7,2,329,8/29/2014
Mali,7/24/2015,8,6,329,8/29/2014
Liberia,7/24/2015,10666,4806,329,8/29/2014
Sierra Leone,7/24/2015,13264,3949,329,8/29/2014
Italy,7/24/2015,1,0,329,8/29/2014
Senegal,7/24/2015,1,0,329,8/29/2014
Guinea,7/24/2015,3787,2517,329,8/29/2014
Nigeria,7/24/2015,20,8,329,8/29/2014
Spain,7/24/2015,1,0,329,8/29/2014
United Kingdom,7/24/2015,1,0,329,8/29/2014
Spain,7/27/2015,1,0,332,8/29/2014
Mali,7/27/2015,8,6,332,8/29/2014
Senegal,7/27/2015,1,0,332,8/29/2014
Nigeria,7/27/2015,20,8,332,8/29/2014
Liberia,7/27/2015,10666,4806,332,8/29/2014
United States of America,7/27/2015,4,1,332,8/29/2014
Guinea,7/27/2015,3792,2519,332,8/29/2014
United Kingdom,7/27/2015,1,0,332,8/29/2014
Italy,7/27/2015,1,0,332,8/29/2014
Liberia,7/27/2015,7,2,332,8/29/2014
Sierra Leone,7/27/2015,13283,3951,332,8/29/2014
United States of America,7/28/2015,4,1,333,8/29/2014
Spain,7/28/2015,1,0,333,8/29/2014
Mali,7/28/2015,8,6,333,8/29/2014
United Kingdom,7/28/2015,1,0,333,8/29/2014
Sierra Leone,7/28/2015,13290,3951,333,8/29/2014
Guinea,7/28/2015,3786,2520,333,8/29/2014
Nigeria,7/28/2015,20,8,333,8/29/2014
Senegal,7/28/2015,1,0,333,8/29/2014
Italy,7/28/2015,1,0,333,8/29/2014
Liberia,7/28/2015,10666,4806,333,8/29/2014
Liberia,7/28/2015,7,2,333,8/29/2014
Nigeria,7/29/2015,20,8,334,8/29/2014
Sierra Leone,7/29/2015,13290,3951,334,8/29/2014
Liberia,7/29/2015,10666,4806,334,8/29/2014
United States of America,7/29/2015,4,1,334,8/29/2014
Senegal,7/29/2015,1,0,334,8/29/2014
Liberia,7/29/2015,6,2,334,8/29/2014
Spain,7/29/2015,1,0,334,8/29/2014
Mali,7/29/2015,8,6,334,8/29/2014
United Kingdom,7/29/2015,1,0,334,8/29/2014
Italy,7/29/2015,1,0,334,8/29/2014
Guinea,7/29/2015,3786,2520,334,8/29/2014
Guinea,7/30/2015,3785,2521,335,8/29/2014
Senegal,7/30/2015,1,0,335,8/29/2014
Spain,7/30/2015,1,0,335,8/29/2014
Mali,7/30/2015,8,6,335,8/29/2014
Sierra Leone,7/30/2015,13379,3951,335,8/29/2014
Nigeria,7/30/2015,20,8,335,8/29/2014
Italy,7/30/2015,1,0,335,8/29/2014
United States of America,7/30/2015,4,1,335,8/29/2014
Liberia,7/30/2015,6,2,335,8/29/2014
United Kingdom,7/30/2015,1,0,335,8/29/2014
Liberia,7/30/2015,10666,4806,335,8/29/2014
Nigeria,7/31/2015,20,8,336,8/29/2014
Senegal,7/31/2015,1,0,336,8/29/2014
United States of America,7/31/2015,4,1,336,8/29/2014
Liberia,7/31/2015,6,2,336,8/29/2014
Sierra Leone,7/31/2015,13387,3951,336,8/29/2014
United Kingdom,7/31/2015,1,0,336,8/29/2014
Guinea,7/31/2015,3781,2521,336,8/29/2014
Spain,7/31/2015,1,0,336,8/29/2014
Italy,7/31/2015,1,0,336,8/29/2014
Liberia,7/31/2015,10666,4806,336,8/29/2014
Mali,7/31/2015,8,6,336,8/29/2014
United Kingdom,8/3/2015,1,0,339,8/29/2014
Liberia,8/3/2015,6,2,339,8/29/2014
Sierra Leone,8/3/2015,13402,3951,339,8/29/2014
Italy,8/3/2015,1,0,339,8/29/2014
United States of America,8/3/2015,4,1,339,8/29/2014
Nigeria,8/3/2015,20,8,339,8/29/2014
Liberia,8/3/2015,10666,4806,339,8/29/2014
Guinea,8/3/2015,3786,2522,339,8/29/2014
Spain,8/3/2015,1,0,339,8/29/2014
Senegal,8/3/2015,1,0,339,8/29/2014
Mali,8/3/2015,8,6,339,8/29/2014
Spain,8/4/2015,1,0,340,8/29/2014
Sierra Leone,8/4/2015,13406,3951,340,8/29/2014
Liberia,8/4/2015,10666,4806,340,8/29/2014
United Kingdom,8/4/2015,1,0,340,8/29/2014
Italy,8/4/2015,1,0,340,8/29/2014
United States of America,8/4/2015,4,1,340,8/29/2014
Senegal,8/4/2015,1,0,340,8/29/2014
Mali,8/4/2015,8,6,340,8/29/2014
Nigeria,8/4/2015,20,8,340,8/29/2014
Guinea,8/4/2015,3784,2522,340,8/29/2014
Liberia,8/4/2015,6,2,340,8/29/2014
Guinea,8/5/2015,3784,2522,341,8/29/2014
Spain,8/5/2015,1,0,341,8/29/2014
Mali,8/5/2015,8,6,341,8/29/2014
Sierra Leone,8/5/2015,13406,3951,341,8/29/2014
Liberia,8/5/2015,10666,4806,341,8/29/2014
Italy,8/5/2015,1,0,341,8/29/2014
Senegal,8/5/2015,1,0,341,8/29/2014
Liberia,8/5/2015,6,2,341,8/29/2014
United States of America,8/5/2015,4,1,341,8/29/2014
United Kingdom,8/5/2015,1,0,341,8/29/2014
Nigeria,8/5/2015,20,8,341,8/29/2014
Spain,8/6/2015,1,0,342,8/29/2014
Guinea,8/6/2015,3792,2524,342,8/29/2014
Senegal,8/6/2015,1,0,342,8/29/2014
Mali,8/6/2015,8,6,342,8/29/2014
Nigeria,8/6/2015,20,8,342,8/29/2014
United Kingdom,8/6/2015,1,0,342,8/29/2014
Sierra Leone,8/6/2015,13426,3951,342,8/29/2014
Liberia,8/6/2015,10666,4806,342,8/29/2014
Liberia,8/6/2015,6,2,342,8/29/2014
United States of America,8/6/2015,4,1,342,8/29/2014
Italy,8/6/2015,1,0,342,8/29/2014
Liberia,8/7/2015,6,2,343,8/29/2014
Spain,8/7/2015,1,0,343,8/29/2014
Sierra Leone,8/7/2015,13428,3951,343,8/29/2014
United States of America,8/7/2015,4,1,343,8/29/2014
Liberia,8/7/2015,10666,4806,343,8/29/2014
Guinea,8/7/2015,3795,2524,343,8/29/2014
Senegal,8/7/2015,1,0,343,8/29/2014
United Kingdom,8/7/2015,1,0,343,8/29/2014
Nigeria,8/7/2015,20,8,343,8/29/2014
Italy,8/7/2015,1,0,343,8/29/2014
Mali,8/7/2015,8,6,343,8/29/2014
Liberia,8/10/2015,6,2,346,8/29/2014
United Kingdom,8/10/2015,1,0,346,8/29/2014
Sierra Leone,8/10/2015,13465,3951,346,8/29/2014
Senegal,8/10/2015,1,0,346,8/29/2014
Liberia,8/10/2015,10666,4806,346,8/29/2014
Spain,8/10/2015,1,0,346,8/29/2014
Guinea,8/10/2015,3791,2524,346,8/29/2014
Mali,8/10/2015,8,6,346,8/29/2014
United States of America,8/10/2015,4,1,346,8/29/2014
Italy,8/10/2015,1,0,346,8/29/2014
Nigeria,8/10/2015,20,8,346,8/29/2014
Spain,8/11/2015,1,0,347,8/29/2014
Guinea,8/11/2015,3787,2524,347,8/29/2014
Italy,8/11/2015,1,0,347,8/29/2014
Liberia,8/11/2015,6,2,347,8/29/2014
United States of America,8/11/2015,4,1,347,8/29/2014
Sierra Leone,8/11/2015,13470,3951,347,8/29/2014
Senegal,8/11/2015,1,0,347,8/29/2014
Nigeria,8/11/2015,20,8,347,8/29/2014
United Kingdom,8/11/2015,1,0,347,8/29/2014
Mali,8/11/2015,8,6,347,8/29/2014
Liberia,8/11/2015,10666,4806,347,8/29/2014
Liberia,8/12/2015,6,2,348,8/29/2014
Spain,8/12/2015,1,0,348,8/29/2014
United Kingdom,8/12/2015,1,0,348,8/29/2014
Nigeria,8/12/2015,20,8,348,8/29/2014
United States of America,8/12/2015,4,1,348,8/29/2014
Italy,8/12/2015,1,0,348,8/29/2014
Mali,8/12/2015,8,6,348,8/29/2014
Liberia,8/12/2015,10666,4806,348,8/29/2014
Senegal,8/12/2015,1,0,348,8/29/2014
Guinea,8/12/2015,3787,2524,348,8/29/2014
Sierra Leone,8/12/2015,13470,3951,348,8/29/2014
Senegal,8/13/2015,1,0,349,8/29/2014
Guinea,8/13/2015,3792,2524,349,8/29/2014
Sierra Leone,8/13/2015,13484,3951,349,8/29/2014
Italy,8/13/2015,1,0,349,8/29/2014
Spain,8/13/2015,1,0,349,8/29/2014
United Kingdom,8/13/2015,1,0,349,8/29/2014
Mali,8/13/2015,8,6,349,8/29/2014
United States of America,8/13/2015,4,1,349,8/29/2014
Nigeria,8/13/2015,20,8,349,8/29/2014
Liberia,8/13/2015,6,2,349,8/29/2014
Liberia,8/13/2015,10666,4806,349,8/29/2014
Senegal,8/14/2015,1,0,350,8/29/2014
Mali,8/14/2015,8,6,350,8/29/2014
Spain,8/14/2015,1,0,350,8/29/2014
Nigeria,8/14/2015,20,8,350,8/29/2014
United States of America,8/14/2015,4,1,350,8/29/2014
Italy,8/14/2015,1,0,350,8/29/2014
Guinea,8/14/2015,3791,2524,350,8/29/2014
Sierra Leone,8/14/2015,13485,3952,350,8/29/2014
Liberia,8/14/2015,6,2,350,8/29/2014
Liberia,8/14/2015,10666,4806,350,8/29/2014
United Kingdom,8/14/2015,1,0,350,8/29/2014
Guinea,8/17/2015,3790,2524,353,8/29/2014
Senegal,8/17/2015,1,0,353,8/29/2014
Liberia,8/17/2015,6,2,353,8/29/2014
Spain,8/17/2015,1,0,353,8/29/2014
Sierra Leone,8/17/2015,13489,3952,353,8/29/2014
Italy,8/17/2015,1,0,353,8/29/2014
United States of America,8/17/2015,4,1,353,8/29/2014
Nigeria,8/17/2015,20,8,353,8/29/2014
Liberia,8/17/2015,10666,4806,353,8/29/2014
Mali,8/17/2015,8,6,353,8/29/2014
United Kingdom,8/17/2015,1,0,353,8/29/2014
United Kingdom,8/18/2015,1,0,354,8/29/2014
Spain,8/18/2015,1,0,354,8/29/2014
Sierra Leone,8/18/2015,13494,3952,354,8/29/2014
Italy,8/18/2015,1,0,354,8/29/2014
Liberia,8/18/2015,10666,4806,354,8/29/2014
Guinea,8/18/2015,3786,2524,354,8/29/2014
United States of America,8/18/2015,4,1,354,8/29/2014
Senegal,8/18/2015,1,0,354,8/29/2014
Nigeria,8/18/2015,20,8,354,8/29/2014
Liberia,8/18/2015,6,2,354,8/29/2014
Mali,8/18/2015,8,6,354,8/29/2014
Liberia,8/19/2015,6,2,355,8/29/2014
Italy,8/19/2015,1,0,355,8/29/2014
Senegal,8/19/2015,1,0,355,8/29/2014
Nigeria,8/19/2015,20,8,355,8/29/2014
Spain,8/19/2015,1,0,355,8/29/2014
Guinea,8/19/2015,3786,2524,355,8/29/2014
United Kingdom,8/19/2015,1,0,355,8/29/2014
Mali,8/19/2015,8,6,355,8/29/2014
Sierra Leone,8/19/2015,13494,3952,355,8/29/2014
Liberia,8/19/2015,10666,4806,355,8/29/2014
United States of America,8/19/2015,4,1,355,8/29/2014
Senegal,8/20/2015,1,0,356,8/29/2014
Guinea,8/20/2015,3792,2526,356,8/29/2014
Liberia,8/20/2015,10666,4806,356,8/29/2014
Spain,8/20/2015,1,0,356,8/29/2014
Mali,8/20/2015,8,6,356,8/29/2014
Nigeria,8/20/2015,20,8,356,8/29/2014
United Kingdom,8/20/2015,1,0,356,8/29/2014
Italy,8/20/2015,1,0,356,8/29/2014
Sierra Leone,8/20/2015,13518,3952,356,8/29/2014
United States of America,8/20/2015,4,1,356,8/29/2014
Liberia,8/20/2015,6,2,356,8/29/2014
Senegal,8/21/2015,1,0,357,8/29/2014
Italy,8/21/2015,1,0,357,8/29/2014
Liberia,8/21/2015,6,2,357,8/29/2014
Spain,8/21/2015,1,0,357,8/29/2014
United States of America,8/21/2015,4,1,357,8/29/2014
Guinea,8/21/2015,3795,2526,357,8/29/2014
Liberia,8/21/2015,10666,4806,357,8/29/2014
Nigeria,8/21/2015,20,8,357,8/29/2014
Mali,8/21/2015,8,6,357,8/29/2014
Sierra Leone,8/21/2015,13533,3952,357,8/29/2014
United Kingdom,8/21/2015,1,0,357,8/29/2014
Liberia,8/24/2015,6,2,360,8/29/2014
Senegal,8/24/2015,1,0,360,8/29/2014
Guinea,8/24/2015,3790,2527,360,8/29/2014
United Kingdom,8/24/2015,1,0,360,8/29/2014
Mali,8/24/2015,8,6,360,8/29/2014
Spain,8/24/2015,1,0,360,8/29/2014
Nigeria,8/24/2015,20,8,360,8/29/2014
Italy,8/24/2015,1,0,360,8/29/2014
United States of America,8/24/2015,4,1,360,8/29/2014
Liberia,8/24/2015,10666,4806,360,8/29/2014
Sierra Leone,8/24/2015,13538,3952,360,8/29/2014
Italy,8/25/2015,1,0,361,8/29/2014
Senegal,8/25/2015,1,0,361,8/29/2014
United States of America,8/25/2015,4,1,361,8/29/2014
Liberia,8/25/2015,10666,4806,361,8/29/2014
Liberia,8/25/2015,6,2,361,8/29/2014
Spain,8/25/2015,1,0,361,8/29/2014
Sierra Leone,8/25/2015,13541,3952,361,8/29/2014
Mali,8/25/2015,8,6,361,8/29/2014
Nigeria,8/25/2015,20,8,361,8/29/2014
Guinea,8/25/2015,3792,2527,361,8/29/2014
United Kingdom,8/25/2015,1,0,361,8/29/2014
Liberia,8/26/2015,6,2,362,8/29/2014
Mali,8/26/2015,8,6,362,8/29/2014
United States of America,8/26/2015,4,1,362,8/29/2014
Italy,8/26/2015,1,0,362,8/29/2014
Nigeria,8/26/2015,20,8,362,8/29/2014
Sierra Leone,8/26/2015,13541,3952,362,8/29/2014
Spain,8/26/2015,1,0,362,8/29/2014
Guinea,8/26/2015,3792,2527,362,8/29/2014
United Kingdom,8/26/2015,1,0,362,8/29/2014
Senegal,8/26/2015,1,0,362,8/29/2014
Liberia,8/26/2015,10666,4806,362,8/29/2014
Liberia,8/27/2015,6,2,363,8/29/2014
Mali,8/27/2015,8,6,363,8/29/2014
Nigeria,8/27/2015,20,8,363,8/29/2014
Guinea,8/27/2015,3797,2528,363,8/29/2014
Italy,8/27/2015,1,0,363,8/29/2014
Spain,8/27/2015,1,0,363,8/29/2014
Sierra Leone,8/27/2015,13582,3952,363,8/29/2014
Liberia,8/27/2015,10666,4806,363,8/29/2014
United Kingdom,8/27/2015,1,0,363,8/29/2014
Senegal,8/27/2015,1,0,363,8/29/2014
United States of America,8/27/2015,4,1,363,8/29/2014
Liberia,8/28/2015,10666,4806,364,8/29/2014
Mali,8/28/2015,8,6,364,8/29/2014
United States of America,8/28/2015,4,1,364,8/29/2014
Spain,8/28/2015,1,0,364,8/29/2014
Senegal,8/28/2015,1,0,364,8/29/2014
Liberia,8/28/2015,6,2,364,8/29/2014
Nigeria,8/28/2015,20,8,364,8/29/2014
Italy,8/28/2015,1,0,364,8/29/2014
Guinea,8/28/2015,3797,2528,364,8/29/2014
United Kingdom,8/28/2015,1,0,364,8/29/2014
Sierra Leone,8/28/2015,13586,3952,364,8/29/2014
Mali,8/31/2015,8,6,367,8/29/2014
Liberia,8/31/2015,6,2,367,8/29/2014
Guinea,8/31/2015,3790,2528,367,8/29/2014
Sierra Leone,8/31/2015,13603,3953,367,8/29/2014
Nigeria,8/31/2015,20,8,367,8/29/2014
Senegal,8/31/2015,1,0,367,8/29/2014
Liberia,8/31/2015,10666,4806,367,8/29/2014
Spain,8/31/2015,1,0,367,8/29/2014
United States of America,8/31/2015,4,1,367,8/29/2014
United Kingdom,8/31/2015,1,0,367,8/29/2014
Italy,8/31/2015,1,0,367,8/29/2014
Spain,9/1/2015,1,0,368,8/29/2014
Guinea,9/1/2015,3792,2529,368,8/29/2014
Liberia,9/1/2015,10666,4806,368,8/29/2014
Sierra Leone,9/1/2015,13609,3953,368,8/29/2014
United States of America,9/1/2015,4,1,368,8/29/2014
Liberia,9/1/2015,6,2,368,8/29/2014
Mali,9/1/2015,8,6,368,8/29/2014
Italy,9/1/2015,1,0,368,8/29/2014
United Kingdom,9/1/2015,1,0,368,8/29/2014
Senegal,9/1/2015,1,0,368,8/29/2014
Nigeria,9/1/2015,20,8,368,8/29/2014
Sierra Leone,9/2/2015,13609,3953,369,8/29/2014
Mali,9/2/2015,8,6,369,8/29/2014
United States of America,9/2/2015,4,1,369,8/29/2014
United Kingdom,9/2/2015,1,0,369,8/29/2014
Guinea,9/2/2015,3792,2529,369,8/29/2014
Liberia,9/2/2015,10666,4806,369,8/29/2014
Spain,9/2/2015,1,0,369,8/29/2014
Senegal,9/2/2015,1,0,369,8/29/2014
Italy,9/2/2015,1,0,369,8/29/2014
Nigeria,9/2/2015,20,8,369,8/29/2014
Liberia,9/2/2015,6,2,369,8/29/2014
Italy,9/3/2015,1,0,370,8/29/2014
Spain,9/3/2015,1,0,370,8/29/2014
Mali,9/3/2015,8,6,370,8/29/2014
United States of America,9/3/2015,4,1,370,8/29/2014
Guinea,9/3/2015,3792,2529,370,8/29/2014
Senegal,9/3/2015,1,0,370,8/29/2014
United Kingdom,9/3/2015,1,0,370,8/29/2014
Liberia,9/3/2015,10666,4806,370,8/29/2014
Nigeria,9/3/2015,20,8,370,8/29/2014
Liberia,9/3/2015,6,2,370,8/29/2014
Sierra Leone,9/3/2015,13638,3953,370,8/29/2014
Spain,9/4/2015,1,0,371,8/29/2014
United States of America,9/4/2015,4,1,371,8/29/2014
Italy,9/4/2015,1,0,371,8/29/2014
Liberia,9/4/2015,10666,4806,371,8/29/2014
Senegal,9/4/2015,1,0,371,8/29/2014
Nigeria,9/4/2015,20,8,371,8/29/2014
Guinea,9/4/2015,3792,2529,371,8/29/2014
Sierra Leone,9/4/2015,13639,3953,371,8/29/2014
Liberia,9/4/2015,6,2,371,8/29/2014
United Kingdom,9/4/2015,1,0,371,8/29/2014
Mali,9/4/2015,8,6,371,8/29/2014
Nigeria,9/7/2015,20,8,374,8/29/2014
Mali,9/7/2015,8,6,374,8/29/2014
Guinea,9/7/2015,3793,2530,374,8/29/2014
Liberia,9/7/2015,6,2,374,8/29/2014
Senegal,9/7/2015,1,0,374,8/29/2014
Italy,9/7/2015,1,0,374,8/29/2014
Spain,9/7/2015,1,0,374,8/29/2014
United States of America,9/7/2015,4,1,374,8/29/2014
United Kingdom,9/7/2015,1,0,374,8/29/2014
Sierra Leone,9/7/2015,13670,3953,374,8/29/2014
Liberia,9/7/2015,10666,4806,374,8/29/2014
Senegal,9/8/2015,1,0,375,8/29/2014
Liberia,9/8/2015,6,2,375,8/29/2014
Nigeria,9/8/2015,20,8,375,8/29/2014
Guinea,9/8/2015,3792,2530,375,8/29/2014
United States of America,9/8/2015,4,1,375,8/29/2014
Sierra Leone,9/8/2015,13683,3953,375,8/29/2014
United Kingdom,9/8/2015,1,0,375,8/29/2014
Mali,9/8/2015,8,6,375,8/29/2014
Italy,9/8/2015,1,0,375,8/29/2014
Liberia,9/8/2015,10666,4806,375,8/29/2014
Spain,9/8/2015,1,0,375,8/29/2014
Sierra Leone,9/9/2015,13683,3953,376,8/29/2014
Italy,9/9/2015,1,0,376,8/29/2014
United Kingdom,9/9/2015,1,0,376,8/29/2014
Senegal,9/9/2015,1,0,376,8/29/2014
Guinea,9/9/2015,3792,2530,376,8/29/2014
Liberia,9/9/2015,10666,4806,376,8/29/2014
United States of America,9/9/2015,4,1,376,8/29/2014
Liberia,9/9/2015,6,2,376,8/29/2014
Mali,9/9/2015,8,6,376,8/29/2014
Spain,9/9/2015,1,0,376,8/29/2014
Nigeria,9/9/2015,20,8,376,8/29/2014
Nigeria,9/10/2015,20,8,377,8/29/2014
Guinea,9/10/2015,3791,2530,377,8/29/2014
Liberia,9/10/2015,6,2,377,8/29/2014
Sierra Leone,9/10/2015,13697,3953,377,8/29/2014
Italy,9/10/2015,1,0,377,8/29/2014
United States of America,9/10/2015,4,1,377,8/29/2014
Liberia,9/10/2015,10666,4806,377,8/29/2014
United Kingdom,9/10/2015,1,0,377,8/29/2014
Spain,9/10/2015,1,0,377,8/29/2014
Mali,9/10/2015,8,6,377,8/29/2014
Senegal,9/10/2015,1,0,377,8/29/2014
Sierra Leone,9/11/2015,13701,3953,378,8/29/2014
Nigeria,9/11/2015,20,8,378,8/29/2014
Mali,9/11/2015,8,6,378,8/29/2014
Liberia,9/11/2015,10666,4806,378,8/29/2014
Italy,9/11/2015,1,0,378,8/29/2014
Guinea,9/11/2015,3791,2530,378,8/29/2014
Liberia,9/11/2015,6,2,378,8/29/2014
United States of America,9/11/2015,4,1,378,8/29/2014
Spain,9/11/2015,1,0,378,8/29/2014
Senegal,9/11/2015,1,0,378,8/29/2014
United Kingdom,9/11/2015,1,0,378,8/29/2014
Spain,9/14/2015,1,0,381,8/29/2014
Liberia,9/14/2015,6,2,381,8/29/2014
Senegal,9/14/2015,1,0,381,8/29/2014
Italy,9/14/2015,1,0,381,8/29/2014
Guinea,9/14/2015,3793,2530,381,8/29/2014
Nigeria,9/14/2015,20,8,381,8/29/2014
Sierra Leone,9/14/2015,13747,3953,381,8/29/2014
United Kingdom,9/14/2015,1,0,381,8/29/2014
United States of America,9/14/2015,4,1,381,8/29/2014
Liberia,9/14/2015,10666,4806,381,8/29/2014
Mali,9/14/2015,8,6,381,8/29/2014
Senegal,9/15/2015,1,0,382,8/29/2014
Italy,9/15/2015,1,0,382,8/29/2014
United States of America,9/15/2015,4,1,382,8/29/2014
Spain,9/15/2015,1,0,382,8/29/2014
Sierra Leone,9/15/2015,13756,3953,382,8/29/2014
United Kingdom,9/15/2015,1,0,382,8/29/2014
Nigeria,9/15/2015,20,8,382,8/29/2014
Liberia,9/15/2015,10666,4806,382,8/29/2014
Guinea,9/15/2015,3792,2530,382,8/29/2014
Mali,9/15/2015,8,6,382,8/29/2014
Liberia,9/15/2015,6,2,382,8/29/2014
Guinea,9/16/2015,3792,2530,383,8/29/2014
Liberia,9/16/2015,10666,4806,383,8/29/2014
Senegal,9/16/2015,1,0,383,8/29/2014
United Kingdom,9/16/2015,1,0,383,8/29/2014
Spain,9/16/2015,1,0,383,8/29/2014
Italy,9/16/2015,1,0,383,8/29/2014
Mali,9/16/2015,8,6,383,8/29/2014
United States of America,9/16/2015,4,1,383,8/29/2014
Liberia,9/16/2015,6,2,383,8/29/2014
Sierra Leone,9/16/2015,13756,3953,383,8/29/2014
Nigeria,9/16/2015,20,8,383,8/29/2014
Sierra Leone,9/17/2015,13779,3955,384,8/29/2014
Liberia,9/17/2015,6,2,384,8/29/2014
Mali,9/17/2015,8,6,384,8/29/2014
Spain,9/17/2015,1,0,384,8/29/2014
Senegal,9/17/2015,1,0,384,8/29/2014
Guinea,9/17/2015,3794,2530,384,8/29/2014
Liberia,9/17/2015,10666,4806,384,8/29/2014
United States of America,9/17/2015,4,1,384,8/29/2014
Nigeria,9/17/2015,20,8,384,8/29/2014
United Kingdom,9/17/2015,1,0,384,8/29/2014
Italy,9/17/2015,1,0,384,8/29/2014
Liberia,9/18/2015,6,2,385,8/29/2014
Senegal,9/18/2015,1,0,385,8/29/2014
Nigeria,9/18/2015,20,8,385,8/29/2014
United Kingdom,9/18/2015,1,0,385,8/29/2014
Liberia,9/18/2015,10666,4806,385,8/29/2014
Spain,9/18/2015,1,0,385,8/29/2014
Mali,9/18/2015,8,6,385,8/29/2014
United States of America,9/18/2015,4,1,385,8/29/2014
Guinea,9/18/2015,3794,2531,385,8/29/2014
Sierra Leone,9/18/2015,13785,3955,385,8/29/2014
Italy,9/18/2015,1,0,385,8/29/2014
Liberia,9/21/2015,10666,4806,388,8/29/2014
Nigeria,9/21/2015,20,8,388,8/29/2014
Mali,9/21/2015,8,6,388,8/29/2014
United Kingdom,9/21/2015,1,0,388,8/29/2014
Guinea,9/21/2015,3797,2532,388,8/29/2014
Senegal,9/21/2015,1,0,388,8/29/2014
United States of America,9/21/2015,4,1,388,8/29/2014
Liberia,9/21/2015,6,2,388,8/29/2014
Italy,9/21/2015,1,0,388,8/29/2014
Sierra Leone,9/21/2015,13811,3955,388,8/29/2014
Spain,9/21/2015,1,0,388,8/29/2014
Nigeria,9/22/2015,20,8,389,8/29/2014
Italy,9/22/2015,1,0,389,8/29/2014
United States of America,9/22/2015,4,1,389,8/29/2014
Liberia,9/22/2015,6,2,389,8/29/2014
Spain,9/22/2015,1,0,389,8/29/2014
Sierra Leone,9/22/2015,13823,3955,389,8/29/2014
Mali,9/22/2015,8,6,389,8/29/2014
United Kingdom,9/22/2015,1,0,389,8/29/2014
Guinea,9/22/2015,3800,2532,389,8/29/2014
Liberia,9/22/2015,10666,4806,389,8/29/2014
Senegal,9/22/2015,1,0,389,8/29/2014
Nigeria,9/23/2015,20,8,390,8/29/2014
Spain,9/23/2015,1,0,390,8/29/2014
United Kingdom,9/23/2015,1,0,390,8/29/2014
Sierra Leone,9/23/2015,13823,3955,390,8/29/2014
Liberia,9/23/2015,6,2,390,8/29/2014
Senegal,9/23/2015,1,0,390,8/29/2014
United States of America,9/23/2015,4,1,390,8/29/2014
Liberia,9/23/2015,10666,4806,390,8/29/2014
Mali,9/23/2015,8,6,390,8/29/2014
Italy,9/23/2015,1,0,390,8/29/2014
Guinea,9/23/2015,3800,2532,390,8/29/2014
United Kingdom,9/24/2015,1,0,391,8/29/2014
Nigeria,9/24/2015,20,8,391,8/29/2014
Guinea,9/24/2015,3801,2533,391,8/29/2014
Sierra Leone,9/24/2015,13846,3955,391,8/29/2014
Liberia,9/24/2015,6,2,391,8/29/2014
Italy,9/24/2015,1,0,391,8/29/2014
Liberia,9/24/2015,10666,4806,391,8/29/2014
Senegal,9/24/2015,1,0,391,8/29/2014
United States of America,9/24/2015,4,1,391,8/29/2014
Spain,9/24/2015,1,0,391,8/29/2014
Mali,9/24/2015,8,6,391,8/29/2014
Guinea,9/25/2015,3797,2533,392,8/29/2014
United States of America,9/25/2015,4,1,392,8/29/2014
Senegal,9/25/2015,1,0,392,8/29/2014
Sierra Leone,9/25/2015,13855,3955,392,8/29/2014
Liberia,9/25/2015,10666,4806,392,8/29/2014
United Kingdom,9/25/2015,1,0,392,8/29/2014
Mali,9/25/2015,8,6,392,8/29/2014
Italy,9/25/2015,1,0,392,8/29/2014
Spain,9/25/2015,1,0,392,8/29/2014
Liberia,9/25/2015,6,2,392,8/29/2014
Nigeria,9/25/2015,20,8,392,8/29/2014
Liberia,9/28/2015,10666,4806,395,8/29/2014
Spain,9/28/2015,1,0,395,8/29/2014
Sierra Leone,9/28/2015,13894,3955,395,8/29/2014
Liberia,9/28/2015,6,2,395,8/29/2014
United States of America,9/28/2015,4,1,395,8/29/2014
Mali,9/28/2015,8,6,395,8/29/2014
Senegal,9/28/2015,1,0,395,8/29/2014
Italy,9/28/2015,1,0,395,8/29/2014
Guinea,9/28/2015,3805,2533,395,8/29/2014
Nigeria,9/28/2015,20,8,395,8/29/2014
United Kingdom,9/28/2015,1,0,395,8/29/2014
Sierra Leone,9/29/2015,13911,3955,396,8/29/2014
Liberia,9/29/2015,6,2,396,8/29/2014
Liberia,9/29/2015,10666,4806,396,8/29/2014
United States of America,9/29/2015,4,1,396,8/29/2014
Spain,9/29/2015,1,0,396,8/29/2014
Nigeria,9/29/2015,20,8,396,8/29/2014
Mali,9/29/2015,8,6,396,8/29/2014
Senegal,9/29/2015,1,0,396,8/29/2014
Italy,9/29/2015,1,0,396,8/29/2014
Guinea,9/29/2015,3805,2533,396,8/29/2014
United Kingdom,9/29/2015,1,0,396,8/29/2014
United States of America,9/30/2015,4,1,397,8/29/2014
Mali,9/30/2015,8,6,397,8/29/2014
Sierra Leone,9/30/2015,13911,3955,397,8/29/2014
Liberia,9/30/2015,10666,4806,397,8/29/2014
Italy,9/30/2015,1,0,397,8/29/2014
Nigeria,9/30/2015,20,8,397,8/29/2014
Senegal,9/30/2015,1,0,397,8/29/2014
Guinea,9/30/2015,3805,2533,397,8/29/2014
Spain,9/30/2015,1,0,397,8/29/2014
United Kingdom,9/30/2015,1,0,397,8/29/2014
Liberia,9/30/2015,6,2,397,8/29/2014
Liberia,10/1/2015,10666,4806,398,8/29/2014
Italy,10/1/2015,1,0,398,8/29/2014
United Kingdom,10/1/2015,1,0,398,8/29/2014
Guinea,10/1/2015,3808,2533,398,8/29/2014
Mali,10/1/2015,8,6,398,8/29/2014
United States of America,10/1/2015,4,1,398,8/29/2014
Spain,10/1/2015,1,0,398,8/29/2014
Liberia,10/1/2015,6,2,398,8/29/2014
Nigeria,10/1/2015,20,8,398,8/29/2014
Sierra Leone,10/1/2015,13928,3955,398,8/29/2014
Senegal,10/1/2015,1,0,398,8/29/2014
Senegal,10/2/2015,1,0,399,8/29/2014
United States of America,10/2/2015,4,1,399,8/29/2014
Nigeria,10/2/2015,20,8,399,8/29/2014
Mali,10/2/2015,8,6,399,8/29/2014
Spain,10/2/2015,1,0,399,8/29/2014
Guinea,10/2/2015,3809,2533,399,8/29/2014
Italy,10/2/2015,1,0,399,8/29/2014
Liberia,10/2/2015,10666,4806,399,8/29/2014
Liberia,10/2/2015,6,2,399,8/29/2014
United Kingdom,10/2/2015,1,0,399,8/29/2014
Sierra Leone,10/2/2015,13931,3955,399,8/29/2014
Guinea,10/5/2015,3804,2534,402,8/29/2014
United States of America,10/5/2015,4,1,402,8/29/2014
United Kingdom,10/5/2015,1,0,402,8/29/2014
Italy,10/5/2015,1,0,402,8/29/2014
Liberia,10/5/2015,10666,4806,402,8/29/2014
Spain,10/5/2015,1,0,402,8/29/2014
Senegal,10/5/2015,1,0,402,8/29/2014
Sierra Leone,10/5/2015,13941,3955,402,8/29/2014
Liberia,10/5/2015,6,2,402,8/29/2014
Nigeria,10/5/2015,20,8,402,8/29/2014
Mali,10/5/2015,8,6,402,8/29/2014
United Kingdom,10/6/2015,1,0,403,8/29/2014
Liberia,10/6/2015,6,2,403,8/29/2014
Senegal,10/6/2015,1,0,403,8/29/2014
Italy,10/6/2015,1,0,403,8/29/2014
Mali,10/6/2015,8,6,403,8/29/2014
Spain,10/6/2015,1,0,403,8/29/2014
Sierra Leone,10/6/2015,13945,3955,403,8/29/2014
United States of America,10/6/2015,4,1,403,8/29/2014
Guinea,10/6/2015,3804,2534,403,8/29/2014
Nigeria,10/6/2015,20,8,403,8/29/2014
Liberia,10/6/2015,10666,4806,403,8/29/2014
Guinea,10/7/2015,3804,2534,404,8/29/2014
Mali,10/7/2015,8,6,404,8/29/2014
Sierra Leone,10/7/2015,13945,3955,404,8/29/2014
Nigeria,10/7/2015,20,8,404,8/29/2014
Liberia,10/7/2015,6,2,404,8/29/2014
Italy,10/7/2015,1,0,404,8/29/2014
United States of America,10/7/2015,4,1,404,8/29/2014
Liberia,10/7/2015,10666,4806,404,8/29/2014
United Kingdom,10/7/2015,1,0,404,8/29/2014
Spain,10/7/2015,1,0,404,8/29/2014
Senegal,10/7/2015,1,0,404,8/29/2014
Italy,10/8/2015,1,0,405,8/29/2014
Liberia,10/8/2015,6,2,405,8/29/2014
Guinea,10/8/2015,3799,2534,405,8/29/2014
Liberia,10/8/2015,10666,4806,405,8/29/2014
United Kingdom,10/8/2015,1,0,405,8/29/2014
Senegal,10/8/2015,1,0,405,8/29/2014
Nigeria,10/8/2015,20,8,405,8/29/2014
Mali,10/8/2015,8,6,405,8/29/2014
United States of America,10/8/2015,4,1,405,8/29/2014
Sierra Leone,10/8/2015,13956,3955,405,8/29/2014
Spain,10/8/2015,1,0,405,8/29/2014
Spain,10/9/2015,1,0,406,8/29/2014
Nigeria,10/9/2015,20,8,406,8/29/2014
Sierra Leone,10/9/2015,13957,3955,406,8/29/2014
United Kingdom,10/9/2015,1,0,406,8/29/2014
Liberia,10/9/2015,6,2,406,8/29/2014
Liberia,10/9/2015,10666,4806,406,8/29/2014
Senegal,10/9/2015,1,0,406,8/29/2014
United States of America,10/9/2015,4,1,406,8/29/2014
Italy,10/9/2015,1,0,406,8/29/2014
Guinea,10/9/2015,3800,2534,406,8/29/2014
Mali,10/9/2015,8,6,406,8/29/2014
United Kingdom,10/13/2015,1,0,410,8/29/2014
Liberia,10/13/2015,10666,4806,410,8/29/2014
Italy,10/13/2015,1,0,410,8/29/2014
Sierra Leone,10/13/2015,13982,3955,410,8/29/2014
Liberia,10/13/2015,6,2,410,8/29/2014
Nigeria,10/13/2015,20,8,410,8/29/2014
Spain,10/13/2015,1,0,410,8/29/2014
Guinea,10/13/2015,3800,2534,410,8/29/2014
Senegal,10/13/2015,1,0,410,8/29/2014
United States of America,10/13/2015,4,1,410,8/29/2014
Mali,10/13/2015,8,6,410,8/29/2014
United Kingdom,10/15/2015,1,0,412,8/29/2014
Liberia,10/15/2015,10666,4806,412,8/29/2014
Senegal,10/15/2015,1,0,412,8/29/2014
Guinea,10/15/2015,3802,2534,412,8/29/2014
Mali,10/15/2015,8,6,412,8/29/2014
Spain,10/15/2015,1,0,412,8/29/2014
Nigeria,10/15/2015,20,8,412,8/29/2014
Sierra Leone,10/15/2015,13992,3955,412,8/29/2014
Italy,10/15/2015,1,0,412,8/29/2014
Liberia,10/15/2015,6,2,412,8/29/2014
United States of America,10/15/2015,4,1,412,8/29/2014
United States of America,10/16/2015,4,1,413,8/29/2014
Liberia,10/16/2015,10666,4806,413,8/29/2014
Senegal,10/16/2015,1,0,413,8/29/2014
Italy,10/16/2015,1,0,413,8/29/2014
Liberia,10/16/2015,6,2,413,8/29/2014
Mali,10/16/2015,8,6,413,8/29/2014
Sierra Leone,10/16/2015,13992,3955,413,8/29/2014
Guinea,10/16/2015,3804,2535,413,8/29/2014
Nigeria,10/16/2015,20,8,413,8/29/2014
Spain,10/16/2015,1,0,413,8/29/2014
United Kingdom,10/16/2015,1,0,413,8/29/2014
Italy,10/20/2015,1,0,417,8/29/2014
Nigeria,10/20/2015,20,8,417,8/29/2014
Senegal,10/20/2015,1,0,417,8/29/2014
United States of America,10/20/2015,4,1,417,8/29/2014
Guinea,10/20/2015,3803,2535,417,8/29/2014
Sierra Leone,10/20/2015,14001,3955,417,8/29/2014
United Kingdom,10/20/2015,1,0,417,8/29/2014
Spain,10/20/2015,1,0,417,8/29/2014
Liberia,10/20/2015,6,2,417,8/29/2014
Liberia,10/20/2015,10666,4806,417,8/29/2014
Mali,10/20/2015,8,6,417,8/29/2014
Liberia,10/22/2015,6,2,419,8/29/2014
Spain,10/22/2015,1,0,419,8/29/2014
Italy,10/22/2015,1,0,419,8/29/2014
Nigeria,10/22/2015,20,8,419,8/29/2014
Liberia,10/22/2015,10666,4806,419,8/29/2014
Sierra Leone,10/22/2015,14031,3955,419,8/29/2014
United Kingdom,10/22/2015,1,0,419,8/29/2014
Senegal,10/22/2015,1,0,419,8/29/2014
Guinea,10/22/2015,3801,2535,419,8/29/2014
Mali,10/22/2015,8,6,419,8/29/2014
United States of America,10/22/2015,4,1,419,8/29/2014
Mali,10/23/2015,8,6,420,8/29/2014
Nigeria,10/23/2015,20,8,420,8/29/2014
Senegal,10/23/2015,1,0,420,8/29/2014
United Kingdom,10/23/2015,1,0,420,8/29/2014
Guinea,10/23/2015,3801,2535,420,8/29/2014
Spain,10/23/2015,1,0,420,8/29/2014
Liberia,10/23/2015,10666,4806,420,8/29/2014
United States of America,10/23/2015,4,1,420,8/29/2014
Liberia,10/23/2015,6,2,420,8/29/2014
Sierra Leone,10/23/2015,14038,3955,420,8/29/2014
Italy,10/23/2015,1,0,420,8/29/2014
Sierra Leone,10/26/2015,14052,3955,423,8/29/2014
Guinea,10/26/2015,3804,2535,423,8/29/2014
Italy,10/26/2015,1,0,423,8/29/2014
United Kingdom,10/26/2015,1,0,423,8/29/2014
United States of America,10/26/2015,4,1,423,8/29/2014
Senegal,10/26/2015,1,0,423,8/29/2014
Spain,10/26/2015,1,0,423,8/29/2014
Liberia,10/26/2015,10666,4806,423,8/29/2014
Nigeria,10/26/2015,20,8,423,8/29/2014
Mali,10/26/2015,8,6,423,8/29/2014
Liberia,10/26/2015,6,2,423,8/29/2014
Liberia,10/27/2015,6,2,424,8/29/2014
Mali,10/27/2015,8,6,424,8/29/2014
Guinea,10/27/2015,3806,2535,424,8/29/2014
United Kingdom,10/27/2015,1,0,424,8/29/2014
Sierra Leone,10/27/2015,14061,3955,424,8/29/2014
Spain,10/27/2015,1,0,424,8/29/2014
Senegal,10/27/2015,1,0,424,8/29/2014
Italy,10/27/2015,1,0,424,8/29/2014
Nigeria,10/27/2015,20,8,424,8/29/2014
United States of America,10/27/2015,4,1,424,8/29/2014
Liberia,10/27/2015,10666,4806,424,8/29/2014
Sierra Leone,10/29/2015,14066,3955,426,8/29/2014
Nigeria,10/29/2015,20,8,426,8/29/2014
Guinea,10/29/2015,3808,2536,426,8/29/2014
Liberia,10/29/2015,6,2,426,8/29/2014
Italy,10/29/2015,1,0,426,8/29/2014
United Kingdom,10/29/2015,1,0,426,8/29/2014
United States of America,10/29/2015,4,1,426,8/29/2014
Mali,10/29/2015,8,6,426,8/29/2014
Senegal,10/29/2015,1,0,426,8/29/2014
Spain,10/29/2015,1,0,426,8/29/2014
Liberia,10/29/2015,10666,4806,426,8/29/2014
Senegal,10/30/2015,1,0,427,8/29/2014
United Kingdom,10/30/2015,1,0,427,8/29/2014
Nigeria,10/30/2015,20,8,427,8/29/2014
Italy,10/30/2015,1,0,427,8/29/2014
Spain,10/30/2015,1,0,427,8/29/2014
Sierra Leone,10/30/2015,14067,3955,427,8/29/2014
Liberia,10/30/2015,10666,4806,427,8/29/2014
Liberia,10/30/2015,6,2,427,8/29/2014
United States of America,10/30/2015,4,1,427,8/29/2014
Mali,10/30/2015,8,6,427,8/29/2014
Guinea,10/30/2015,3808,2536,427,8/29/2014
Nigeria,11/3/2015,20,8,431,8/29/2014
Sierra Leone,11/3/2015,14089,3955,431,8/29/2014
Liberia,11/3/2015,6,2,431,8/29/2014
United States of America,11/3/2015,4,1,431,8/29/2014
Mali,11/3/2015,8,6,431,8/29/2014
Guinea,11/3/2015,3810,2536,431,8/29/2014
United Kingdom,11/3/2015,1,0,431,8/29/2014
Liberia,11/3/2015,10666,4806,431,8/29/2014
Spain,11/3/2015,1,0,431,8/29/2014
Senegal,11/3/2015,1,0,431,8/29/2014
Italy,11/3/2015,1,0,431,8/29/2014
Nigeria,11/5/2015,20,8,433,8/29/2014
United Kingdom,11/5/2015,1,0,433,8/29/2014
Mali,11/5/2015,8,6,433,8/29/2014
Senegal,11/5/2015,1,0,433,8/29/2014
Liberia,11/5/2015,6,2,433,8/29/2014
Sierra Leone,11/5/2015,14104,3955,433,8/29/2014
Italy,11/5/2015,1,0,433,8/29/2014
Spain,11/5/2015,1,0,433,8/29/2014
Liberia,11/5/2015,10666,4806,433,8/29/2014
United States of America,11/5/2015,4,1,433,8/29/2014
Guinea,11/5/2015,3805,2536,433,8/29/2014
Italy,11/6/2015,1,0,434,8/29/2014
United Kingdom,11/6/2015,1,0,434,8/29/2014
Liberia,11/6/2015,10666,4806,434,8/29/2014
Sierra Leone,11/6/2015,14109,3955,434,8/29/2014
United States of America,11/6/2015,4,1,434,8/29/2014
Liberia,11/6/2015,6,2,434,8/29/2014
Senegal,11/6/2015,1,0,434,8/29/2014
Guinea,11/6/2015,3805,2536,434,8/29/2014
Mali,11/6/2015,8,6,434,8/29/2014
Spain,11/6/2015,1,0,434,8/29/2014
Nigeria,11/6/2015,20,8,434,8/29/2014
United States of America,11/10/2015,4,1,438,8/29/2014
Nigeria,11/10/2015,20,8,438,8/29/2014
Guinea,11/10/2015,3805,2536,438,8/29/2014
Italy,11/10/2015,1,0,438,8/29/2014
Spain,11/10/2015,1,0,438,8/29/2014
Liberia,11/10/2015,10666,4806,438,8/29/2014
Senegal,11/10/2015,1,0,438,8/29/2014
United Kingdom,11/10/2015,1,0,438,8/29/2014
Mali,11/10/2015,8,6,438,8/29/2014
Sierra Leone,11/10/2015,14122,3955,438,8/29/2014
Liberia,11/10/2015,6,2,438,8/29/2014
Italy,11/11/2015,1,0,439,8/29/2014
Guinea,11/11/2015,3805,2536,439,8/29/2014
United Kingdom,11/11/2015,1,0,439,8/29/2014
Liberia,11/11/2015,10666,4806,439,8/29/2014
Sierra Leone,11/11/2015,14122,3955,439,8/29/2014
Mali,11/11/2015,8,6,439,8/29/2014
United States of America,11/11/2015,4,1,439,8/29/2014
Spain,11/11/2015,1,0,439,8/29/2014
Liberia,11/11/2015,6,2,439,8/29/2014
Nigeria,11/11/2015,20,8,439,8/29/2014
Senegal,11/11/2015,1,0,439,8/29/2014
United States of America,11/12/2015,4,1,440,8/29/2014
Liberia,11/12/2015,10666,4806,440,8/29/2014
Senegal,11/12/2015,1,0,440,8/29/2014
Sierra Leone,11/12/2015,14122,3955,440,8/29/2014
Spain,11/12/2015,1,0,440,8/29/2014
Mali,11/12/2015,8,6,440,8/29/2014
Liberia,11/12/2015,6,2,440,8/29/2014
Nigeria,11/12/2015,20,8,440,8/29/2014
Italy,11/12/2015,1,0,440,8/29/2014
United Kingdom,11/12/2015,1,0,440,8/29/2014
Guinea,11/12/2015,3805,2536,440,8/29/2014
Mali,11/16/2015,8,6,444,8/29/2014
United States of America,11/16/2015,4,1,444,8/29/2014
Liberia,11/16/2015,6,2,444,8/29/2014
Sierra Leone,11/16/2015,14122,3955,444,8/29/2014
Senegal,11/16/2015,1,0,444,8/29/2014
Liberia,11/16/2015,10666,4806,444,8/29/2014
Nigeria,11/16/2015,20,8,444,8/29/2014
Guinea,11/16/2015,3805,2536,444,8/29/2014
Spain,11/16/2015,1,0,444,8/29/2014
Italy,11/16/2015,1,0,444,8/29/2014
United Kingdom,11/16/2015,1,0,444,8/29/2014
United Kingdom,11/17/2015,1,0,445,8/29/2014
United States of America,11/17/2015,4,1,445,8/29/2014
Italy,11/17/2015,1,0,445,8/29/2014
Liberia,11/17/2015,6,2,445,8/29/2014
Guinea,11/17/2015,3804,2536,445,8/29/2014
Sierra Leone,11/17/2015,14122,3955,445,8/29/2014
Senegal,11/17/2015,1,0,445,8/29/2014
Liberia,11/17/2015,10666,4806,445,8/29/2014
Nigeria,11/17/2015,20,8,445,8/29/2014
Mali,11/17/2015,8,6,445,8/29/2014
Spain,11/17/2015,1,0,445,8/29/2014
Liberia,11/20/2015,10666,4806,448,8/29/2014
Senegal,11/20/2015,1,0,448,8/29/2014
Guinea,11/20/2015,3804,2536,448,8/29/2014
Liberia,11/20/2015,6,2,448,8/29/2014
Sierra Leone,11/20/2015,14122,3955,448,8/29/2014
Spain,11/20/2015,1,0,448,8/29/2014
United States of America,11/20/2015,4,1,448,8/29/2014
Mali,11/20/2015,8,6,448,8/29/2014
United Kingdom,11/20/2015,1,0,448,8/29/2014
Nigeria,11/20/2015,20,8,448,8/29/2014
Italy,11/20/2015,1,0,448,8/29/2014
United States of America,11/24/2015,4,1,452,8/29/2014
Mali,11/24/2015,8,6,452,8/29/2014
Liberia,11/24/2015,6,2,452,8/29/2014
Nigeria,11/24/2015,20,8,452,8/29/2014
Senegal,11/24/2015,1,0,452,8/29/2014
Sierra Leone,11/24/2015,14122,3955,452,8/29/2014
United Kingdom,11/24/2015,1,0,452,8/29/2014
Guinea,11/24/2015,3804,2536,452,8/29/2014
Italy,11/24/2015,1,0,452,8/29/2014
Spain,11/24/2015,1,0,452,8/29/2014
Liberia,11/24/2015,10666,4806,452,8/29/2014
United States of America,11/26/2015,4,1,454,8/29/2014
Italy,11/26/2015,1,0,454,8/29/2014
Guinea,11/26/2015,3804,2536,454,8/29/2014
United Kingdom,11/26/2015,1,0,454,8/29/2014
Liberia,11/26/2015,9,2,454,8/29/2014
Spain,11/26/2015,1,0,454,8/29/2014
Liberia,11/26/2015,10666,4806,454,8/29/2014
Senegal,11/26/2015,1,0,454,8/29/2014
Nigeria,11/26/2015,20,8,454,8/29/2014
Mali,11/26/2015,8,6,454,8/29/2014
Sierra Leone,11/26/2015,14122,3955,454,8/29/2014
Nigeria,12/1/2015,20,8,459,8/29/2014
Italy,12/1/2015,1,0,459,8/29/2014
Guinea,12/1/2015,3804,2536,459,8/29/2014
Liberia,12/1/2015,9,2,459,8/29/2014
Spain,12/1/2015,1,0,459,8/29/2014
United States of America,12/1/2015,4,1,459,8/29/2014
Liberia,12/1/2015,10666,4806,459,8/29/2014
Sierra Leone,12/1/2015,14122,3955,459,8/29/2014
Senegal,12/1/2015,1,0,459,8/29/2014
Mali,12/1/2015,8,6,459,8/29/2014
United Kingdom,12/1/2015,1,0,459,8/29/2014
Guinea,12/2/2015,3804,2536,460,8/29/2014
United Kingdom,12/2/2015,1,0,460,8/29/2014
United States of America,12/2/2015,4,1,460,8/29/2014
Liberia,12/2/2015,10666,4806,460,8/29/2014
Spain,12/2/2015,1,0,460,8/29/2014
Liberia,12/2/2015,9,3,460,8/29/2014
Sierra Leone,12/2/2015,14122,3955,460,8/29/2014
Senegal,12/2/2015,1,0,460,8/29/2014
Mali,12/2/2015,8,6,460,8/29/2014
Nigeria,12/2/2015,20,8,460,8/29/2014
Italy,12/2/2015,1,0,460,8/29/2014
Guinea,12/3/2015,3805,2536,461,8/29/2014
Liberia,12/3/2015,10666,4806,461,8/29/2014
Italy,12/3/2015,1,0,461,8/29/2014
Liberia,12/3/2015,9,3,461,8/29/2014
Mali,12/3/2015,8,6,461,8/29/2014
United States of America,12/3/2015,4,1,461,8/29/2014
United Kingdom,12/3/2015,1,0,461,8/29/2014
Spain,12/3/2015,1,0,461,8/29/2014
Nigeria,12/3/2015,20,8,461,8/29/2014
Sierra Leone,12/3/2015,14122,3955,461,8/29/2014
Senegal,12/3/2015,1,0,461,8/29/2014
Guinea,12/9/2015,3804,2536,467,8/29/2014
United Kingdom,12/9/2015,1,0,467,8/29/2014
Spain,12/9/2015,1,0,467,8/29/2014
Italy,12/9/2015,1,0,467,8/29/2014
Liberia,12/9/2015,10666,4806,467,8/29/2014
Senegal,12/9/2015,1,0,467,8/29/2014
United States of America,12/9/2015,4,1,467,8/29/2014
Liberia,12/9/2015,9,3,467,8/29/2014
Mali,12/9/2015,8,6,467,8/29/2014
Sierra Leone,12/9/2015,14122,3955,467,8/29/2014
Nigeria,12/9/2015,20,8,467,8/29/2014
Italy,12/10/2015,1,0,468,8/29/2014
Spain,12/10/2015,1,0,468,8/29/2014
Nigeria,12/10/2015,20,8,468,8/29/2014
Liberia,12/10/2015,9,3,468,8/29/2014
Guinea,12/10/2015,3804,2536,468,8/29/2014
United Kingdom,12/10/2015,1,0,468,8/29/2014
United States of America,12/10/2015,4,1,468,8/29/2014
Mali,12/10/2015,8,6,468,8/29/2014
Liberia,12/10/2015,10666,4806,468,8/29/2014
Senegal,12/10/2015,1,0,468,8/29/2014
Sierra Leone,12/10/2015,14122,3955,468,8/29/2014
Spain,12/11/2015,1,0,469,8/29/2014
United States of America,12/11/2015,4,1,469,8/29/2014
Nigeria,12/11/2015,20,8,469,8/29/2014
Senegal,12/11/2015,1,0,469,8/29/2014
Guinea,12/11/2015,3804,2536,469,8/29/2014
Mali,12/11/2015,8,6,469,8/29/2014
United Kingdom,12/11/2015,1,0,469,8/29/2014
Liberia,12/11/2015,9,3,469,8/29/2014
Italy,12/11/2015,1,0,469,8/29/2014
Sierra Leone,12/11/2015,14122,3955,469,8/29/2014
Liberia,12/11/2015,10666,4806,469,8/29/2014
Sierra Leone,12/15/2015,14122,3955,473,8/29/2014
United States of America,12/15/2015,4,1,473,8/29/2014
Mali,12/15/2015,8,6,473,8/29/2014
Spain,12/15/2015,1,0,473,8/29/2014
Italy,12/15/2015,1,0,473,8/29/2014
Guinea,12/15/2015,3807,2536,473,8/29/2014
Senegal,12/15/2015,1,0,473,8/29/2014
Nigeria,12/15/2015,20,8,473,8/29/2014
Liberia,12/15/2015,9,3,473,8/29/2014
United Kingdom,12/15/2015,1,0,473,8/29/2014
Liberia,12/15/2015,10666,4806,473,8/29/2014
Spain,12/16/2015,1,0,474,8/29/2014
Mali,12/16/2015,8,6,474,8/29/2014
Guinea,12/16/2015,3807,2536,474,8/29/2014
United Kingdom,12/16/2015,1,0,474,8/29/2014
Italy,12/16/2015,1,0,474,8/29/2014
United States of America,12/16/2015,4,1,474,8/29/2014
Nigeria,12/16/2015,20,8,474,8/29/2014
Senegal,12/16/2015,1,0,474,8/29/2014
Liberia,12/16/2015,10666,4806,474,8/29/2014
Sierra Leone,12/16/2015,14122,3955,474,8/29/2014
Liberia,12/16/2015,9,3,474,8/29/2014
Liberia,12/17/2015,9,3,475,8/29/2014
Nigeria,12/17/2015,20,8,475,8/29/2014
Spain,12/17/2015,1,0,475,8/29/2014
Liberia,12/17/2015,10666,4806,475,8/29/2014
Mali,12/17/2015,8,6,475,8/29/2014
United Kingdom,12/17/2015,1,0,475,8/29/2014
Sierra Leone,12/17/2015,14122,3955,475,8/29/2014
Guinea,12/17/2015,3805,2536,475,8/29/2014
Italy,12/17/2015,1,0,475,8/29/2014
Senegal,12/17/2015,1,0,475,8/29/2014
United States of America,12/17/2015,4,1,475,8/29/2014
Nigeria,12/22/2015,20,8,480,8/29/2014
Guinea,12/22/2015,3804,2536,480,8/29/2014
Senegal,12/22/2015,1,0,480,8/29/2014
Liberia,12/22/2015,9,3,480,8/29/2014
Spain,12/22/2015,1,0,480,8/29/2014
Mali,12/22/2015,8,6,480,8/29/2014
Sierra Leone,12/22/2015,14122,3955,480,8/29/2014
United Kingdom,12/22/2015,1,0,480,8/29/2014
Italy,12/22/2015,1,0,480,8/29/2014
United States of America,12/22/2015,4,1,480,8/29/2014
Liberia,12/22/2015,10666,4806,480,8/29/2014
United Kingdom,12/23/2015,1,0,481,8/29/2014
Italy,12/23/2015,1,0,481,8/29/2014
Guinea,12/23/2015,3804,2536,481,8/29/2014
Senegal,12/23/2015,1,0,481,8/29/2014
Liberia,12/23/2015,10666,4806,481,8/29/2014
Spain,12/23/2015,1,0,481,8/29/2014
Mali,12/23/2015,8,6,481,8/29/2014
Sierra Leone,12/23/2015,14122,3955,481,8/29/2014
Liberia,12/23/2015,9,3,481,8/29/2014
Nigeria,12/23/2015,20,8,481,8/29/2014
United States of America,12/23/2015,4,1,481,8/29/2014
United Kingdom,12/29/2015,1,0,487,8/29/2014
Italy,12/29/2015,1,0,487,8/29/2014
Spain,12/29/2015,1,0,487,8/29/2014
Liberia,12/29/2015,10666,4806,487,8/29/2014
Liberia,12/29/2015,9,3,487,8/29/2014
Sierra Leone,12/29/2015,14122,3955,487,8/29/2014
Mali,12/29/2015,8,6,487,8/29/2014
Guinea,12/29/2015,3804,2536,487,8/29/2014
United States of America,12/29/2015,4,1,487,8/29/2014
Nigeria,12/29/2015,20,8,487,8/29/2014
Senegal,12/29/2015,1,0,487,8/29/2014
Guinea,3/23/2016,3804,2536,572,8/29/2014
Spain,3/23/2016,1,0,572,8/29/2014
Sierra Leone,3/23/2016,14122,3955,572,8/29/2014
Senegal,3/23/2016,1,0,572,8/29/2014
Mali,3/23/2016,8,6,572,8/29/2014
United Kingdom,3/23/2016,1,0,572,8/29/2014
Liberia,3/23/2016,9,3,572,8/29/2014
Liberia,3/23/2016,10666,4806,572,8/29/2014
Italy,3/23/2016,1,0,572,8/29/2014
Liberia,3/23/2016,5,4,572,8/29/2014
Nigeria,3/23/2016,20,8,572,8/29/2014
United States of America,3/23/2016,4,1,572,8/29/2014
